id,名称,地址,电话,经度_GCJ02,纬度_GCJ02,经度_WGS84,纬度_WGS84,Center_X,Center_Y,类型代码,类型名称,省份,城市,区域,营业时间,评分
B0FFK66MMO,雪山烤全羊,锦龙路290号(裕全驾校内),13983764668,106.530236,29.486278,,,440886.79060291656,3262017.8442266104,050100,餐饮服务;中餐厅;中餐厅,重庆市,重庆市,九龙坡区,,4.4
B0LG47ET8C,李多鱼的院子 (黄桷坪涂鸦街店),黄桷坪任家湾3号库房(涂鸦街尽头),15023958297,106.534018,29.488314,,,441254.605056772,3262241.5238208054,050100,餐饮服务;中餐厅;中餐厅,重庆市,重庆市,九龙坡区,,4.5
B0FFI94HP6,华莱士·全鸡汉堡(广厦城店),九龙镇龙广路广厦城巢上2期6号7栋附4号,023-68471594,106.529481,29.491128,,,440816.41726382694,3262555.621474865,050300,餐饮服务;快餐厅;快餐厅,重庆市,重庆市,九龙坡区,,3.9
B0FFFE9GYO,胖哥牛肉面(广厦城店),广厦城6号附36号,15023235636;18223028358,106.531565,29.491402,,,441018.59643471113,3262584.9234624747,050100,餐饮服务;中餐厅;中餐厅,重庆市,重庆市,九龙坡区,,4.1
B0IA7Z8HMT,渝厂老火锅(广厦城巢上二期店),九龙镇广厦城6号附57号,023-68658878;18883883178,106.529286,29.490948,,,440797.4095354553,3262535.776144443,050117,餐饮服务;中餐厅;火锅店,重庆市,重庆市,九龙坡区,,4.4
B0FFJZPJNB,小黑烧烤(广厦城巢上二期店),九龙镇广厦城6号8栋附13号,15683806320,106.530598,29.490936,,,440924.58650250064,3262533.7798145902,050100,餐饮服务;中餐厅;中餐厅,重庆市,重庆市,九龙坡区,,4.1
B0LRDS65CR,蜜雪冰城(广厦城巢上二期店),黄桷坪街道广厦城6号8栋附9号,[],106.530224,29.491057,,,440888.40157247765,3262547.3768597934,050700,餐饮服务;冷饮店;冷饮店,重庆市,重庆市,九龙坡区,,4.0
B0HDNAEHWA,壹柒咖啡,大车队创意豪斯W-2,17623277131,106.535799,29.48776,,,441426.9390882153,3262179.2415119936,050500,餐饮服务;咖啡厅;咖啡厅,重庆市,重庆市,九龙坡区,,3.6
B0G0D62JS5,豆花饭面(龙广路店),广厦城一期6号院西区西南1门旁,[],106.53137,29.491282,,,440999.6238856472,3262571.725966573,050100,餐饮服务;中餐厅;中餐厅,重庆市,重庆市,九龙坡区,,2.5
B0LB1R2NL3,富阳记坡坡面,黄桷坪街道广厦城6号附65号,15730279634,106.530136,29.491242,,,440879.97837179585,3262567.9200839605,050100,餐饮服务;中餐厅;中餐厅,重庆市,重庆市,九龙坡区,,3.7
B0KBOR9MBA,煲珠妹(广厦城店),广厦城6号广厦城巢上二期,[],106.530203,29.491083,,,440886.38095141196,3262550.268399872,050100,餐饮服务;中餐厅;中餐厅,重庆市,重庆市,九龙坡区,,3.5
B0LK35YXL8,君君串串王广夏城直营店,龙江路6号附26号,[],106.53057,29.491514,,,440922.207586157,3262597.8380633793,050117,餐饮服务;中餐厅;火锅店,重庆市,重庆市,九龙坡区,,3.4
B0M6NRFQ02,小谭烧烤,广厦城6号广厦城巢上二期,[],106.530425,29.490975,,,440907.8386938287,3262538.188953101,050118,餐饮服务;中餐厅;特色/地方风味餐厅,重庆市,重庆市,九龙坡区,,2.8
B0LK1HDF2C,蒸鲜道现包坊,广夏城6号附77号,[],106.53046,29.490985,,,440911.2373600769,3262539.2792106164,050000,餐饮服务;餐饮相关场所;餐饮相关,重庆市,重庆市,九龙坡区,,3.4
B0HR0SVJ22,九龙阁,九龙花园东门北50米,023-68187898;13667682107,106.528901,29.491346,,,440760.3195936,3262580.071588021,050600,餐饮服务;茶艺馆;茶艺馆,重庆市,重庆市,九龙坡区,,4.4
B0H1MR1AX6,迷小笼·现包小笼包(广厦城店),广厦城6号8栋附11号,023-68660567,106.530278,29.491065,,,440893.64091519854,3262548.23585604,050100,餐饮服务;中餐厅;中餐厅,重庆市,重庆市,九龙坡区,,3.9
B001794M9M,豌豆刀削牛肉面,广厦城6号附33号,13452047630,106.531384,29.491355,,,441001.0233271862,3262579.8074751636,050100,餐饮服务;中餐厅;中餐厅,重庆市,重庆市,九龙坡区,,4.0
B0LBML6V2W,面家饭,广厦城6号广厦城巢上二期,[],106.530046,29.491074,,,440871.1563269043,3262549.3509306638,050100,餐饮服务;中餐厅;中餐厅,重庆市,重庆市,九龙坡区,,2.7
B0HK159IV8,渝味当年老火锅,黄桷坪街道广厦城6号5栋1层商铺,18725833121,106.530493,29.491543,,,440914.7601563987,3262601.0904359943,050117,餐饮服务;中餐厅;火锅店,重庆市,重庆市,九龙坡区,,4.5
B0HROUICW6,田园风土鲫鱼(广厦城店),九龙坡龙江路12号附1号,13618288661,106.528228,29.492164,,,440695.5563757688,3262671.0510919844,050100,餐饮服务;中餐厅;中餐厅,重庆市,重庆市,九龙坡区,,4.4
B0M6ZS12BL,晓憨包,龙广路与邮电路交叉口北40米,[],106.531525,29.491325,,,441014.67428562144,3262576.4119180804,050300,餐饮服务;快餐厅;快餐厅,重庆市,重庆市,九龙坡区,,3.5
B0K0US2UWQ,芝麻哥·烤肉·小豆腐(广厦城店),黄角坪街道广厦城6号5栋1层商铺9号,13368357612;18996217718,106.530163,29.491629,,,440882.82041821635,3262610.787066503,050100,餐饮服务;中餐厅;中餐厅,重庆市,重庆市,九龙坡区,,3.9
B0FFKAXOEQ,晏氏民间菜,九龙镇九龙三村30号附14号,023-68037990,106.528338,29.491679,,,440705.9370867462,3262617.2556522666,050102,餐饮服务;中餐厅;四川菜(川菜),重庆市,重庆市,九龙坡区,,4.4
B0L666EJXJ,五哥酱肉包,广厦城一期6号院西区西南1门旁,[],106.531425,29.491325,,,441004.98042588786,3262576.462606018,050100,餐饮服务;中餐厅;中餐厅,重庆市,重庆市,九龙坡区,,3.3
B0JDML4DN4,杨二娃串串王(广厦城巢上二期店),广厦城6号广厦城巢上二期,17723033101,106.529622,29.491164,,,440830.1065558866,3262559.5386814196,050117,餐饮服务;中餐厅;火锅店,重庆市,重庆市,九龙坡区,,4.0
B0LAPUIW1Y,二妹烤鱼江湖菜家常菜,黄桷坪街道九龙坡区广厦城6号8栋附18号,13272558688,106.530676,29.491037,,,440932.20633555454,3262544.9313091496,050118,餐饮服务;中餐厅;特色/地方风味餐厅,重庆市,重庆市,九龙坡区,,3.0
B0HRU5G93Z,何醉鲜美蛙三合鱼,广厦城一期西南门旁,023-62514124;15723356522,106.529738,29.491691,,,440841.65765540465,3262617.8728077896,050100,餐饮服务;中餐厅;中餐厅,重庆市,重庆市,九龙坡区,,4.1
B0JDGUNOFC,三叶仔石锅土鲫鱼(广厦城店),九龙小学东南2门南110米,18368316800,106.529685,29.491824,,,440836.5972117588,3262632.6365292263,050100,餐饮服务;中餐厅;中餐厅,重庆市,重庆市,九龙坡区,,4.3
B0FFHG8NB4,湘味木桶饭又见面(广厦城店),杨家坪摊子口广夏城2号,[],106.530193,29.493124,,,440886.59658461896,3262776.4220922356,050108,餐饮服务;中餐厅;湖南菜(湘菜),重庆市,重庆市,九龙坡区,,3.5
B0LK57TU6R,正新鸡排(重庆广厦城店),龙广路广厦城6号附18号,[],106.529725,29.491675,,,440840.38816121576,3262616.106570615,050300,餐饮服务;快餐厅;快餐厅,重庆市,重庆市,九龙坡区,,3.6
B0JGFCOPZO,牛香阁串串王(龙广路店),广厦城6号附26号,18502356777,106.530588,29.491509,,,440923.949576712,3262597.27491191,050100,餐饮服务;中餐厅;中餐厅,重庆市,重庆市,九龙坡区,,3.8
B0LU2GSQG5,七芳鲜包(九龙民间文化美食街店),黄桷坪街道九龙三村30号附21号,17353290507,106.528826,29.491463,,,440753.117280463,3262593.0737007423,050000,餐饮服务;餐饮相关场所;餐饮相关,重庆市,重庆市,九龙坡区,,3.5
B0K0UKTH1Z,新疆麦麦提美未羊肉串烧烤,[],[],106.530081,29.491607,,,440874.85870039737,3262608.391060793,050121,餐饮服务;中餐厅;清真菜馆,重庆市,重庆市,九龙坡区,,3.5
B0I1NOF62S,缘聚阁茶楼,广厦城6号附43号,18696646209,106.532101,29.492066,,,441070.9397949458,3262658.2250081194,050600,餐饮服务;茶艺馆;茶艺馆,重庆市,重庆市,九龙坡区,,3.4
B0L2RCN80F,享哆味汉堡炸鸡(九龙坡广厦城店),广厦城6号4幢1层底商,15023313912,106.52973,29.49172,,,440840.89899950364,3262621.0901570064,050300,餐饮服务;快餐厅;快餐厅,重庆市,重庆市,九龙坡区,,3.6
B0FFK1UQVA,波波面馆,黄桷坪街道九龙三村30号附2号,13647692057,106.528935,29.491312,,,440763.5957251052,3262576.2869848316,050100,餐饮服务;中餐厅;中餐厅,重庆市,重庆市,九龙坡区,,3.6
B0H0MXRVON,1516烧烤万州烤鱼,龙江路6号,13368173709,106.528882,29.491528,,,440758.5836558996,3262600.2473785295,050100,餐饮服务;中餐厅;中餐厅,重庆市,重庆市,九龙坡区,,3.1
B0FFI4BU3P,渝味卤菜,观江美郡西门东南120米,13617603760;15215179992,106.528724,29.491602,,,440743.31045192375,3262608.527228774,050300,餐饮服务;快餐厅;快餐厅,重庆市,重庆市,九龙坡区,,2.9
B0K6ACRNGQ,汇缘餐厅重庆电专店,广厦城一期6号院东区西南门西110米,[],106.531503,29.491375,,,441012.57060385775,3262581.963209798,050100,餐饮服务;中餐厅;中餐厅,重庆市,重庆市,九龙坡区,,2.5
B0FFFE6EG6,四季茶楼(九龙花园店),九龙民间文化美食街与高进路交叉口西40米,13594028436;13629705344,106.528019,29.491776,,,440675.07029103924,3262628.1661019414,050600,餐饮服务;茶艺馆;茶艺馆,重庆市,重庆市,九龙坡区,,3.5
B0J3CHGQRP,琪琪煲汤养生馆,黄桷坪街道九龙三村30号附3号,13983729687,106.529121,29.491413,,,440781.6850539564,3262587.383413719,050000,餐饮服务;餐饮相关场所;餐饮相关,重庆市,重庆市,九龙坡区,,3.8
B0LRRGJH88,郝一家荣昌卤鹅,九龙花园美食街,13617693240;13617693241,106.527767,29.491853,,,440650.68674860056,3262636.8264096626,050000,餐饮服务;餐饮相关场所;餐饮相关,重庆市,重庆市,九龙坡区,,2.6
B0FFK9MXBQ,约吧,同乐园东门西100米,15023765451,106.53551,29.485314,,,441397.5153227995,3261908.3635793547,050000,餐饮服务;餐饮相关场所;餐饮相关,重庆市,重庆市,九龙坡区,,3.1
B0KGRZET17,蒸味美(九龙民间文化美食街店),九龙民间文化美食街与高进路交叉口西40米,[],106.528019,29.491758,,,440675.05980293645,3262626.1716503575,050100,餐饮服务;中餐厅;中餐厅,重庆市,重庆市,九龙坡区,,3.6
B0L35RF2UB,潘老幺老火锅(广厦城一期6号院店),观江美郡西门南70米,[],106.527897,29.491815,,,440663.26655931445,3262632.549611091,050117,餐饮服务;中餐厅;火锅店,重庆市,重庆市,九龙坡区,,3.7
B0L0V9JJDV,重庆渝品轩餐饮文化有限公司,龙广路与转电路交叉口西120米,[],106.530375,29.490875,,,440902.93370541686,3262527.1340589863,170200|050100,公司企业;公司;公司|餐饮服务;中餐厅;中餐厅,重庆市,重庆市,九龙坡区,,[]
B0MG75I0VR,丹戈·鲜卤牛杂火锅(九龙花园店),锦昌路与高进路交叉口西南40米,13983729687,106.528893,29.491307,,,440759.52139333216,3262575.754349119,050117,餐饮服务;中餐厅;火锅店,重庆市,重庆市,九龙坡区,,1.0
B0FFHG8ODK,胖娃只挑面(广夏城店),九龙镇龙江路广厦城2号附3号,13206106668,106.530438,29.49361,,,440910.62819724093,3262830.147858451,050100,餐饮服务;中餐厅;中餐厅,重庆市,重庆市,九龙坡区,,3.9
B0FFIIY7QI,舒小笼松针小笼包(黄桷花园店),黄桷坪街搬运西村4号附5号,13637803334;13983495515,106.541011,29.491638,,,441934.4119007321,3262606.3227885263,050100,餐饮服务;中餐厅;中餐厅,重庆市,重庆市,九龙坡区,,4.5
B0FFH1G8YB,竹苑面庄(渝隆观江店),杨九路附近,13996017379,106.529891,29.494256,,,440857.9792480306,3262902.0043934197,050100,餐饮服务;中餐厅;中餐厅,重庆市,重庆市,九龙坡区,,4.2
B0LRFM6BF5,味随百杏,龙江路10号渝隆观江,[],106.529708,29.494463,,,440840.3602825459,3262925.0336118313,050000,餐饮服务;餐饮相关场所;餐饮相关,重庆市,重庆市,九龙坡区,,4.3
B0I12RB85Q,Carmen(卡门)西班牙餐厅,官家林190号十方艺术中心,15213645137;18580642617,106.537215,29.494074,,,441567.83249164006,3262878.138348274,050200,餐饮服务;外国餐厅;外国餐厅,重庆市,重庆市,九龙坡区,,4.4
B0FFJ7D2R2,好汉烤鱼(渝隆观江店),龙江路10号附28号(近九龙小学),13594080135,106.529999,29.493649,,,440868.0957550572,3262834.6921608625,050118|050101,餐饮服务;中餐厅;特色/地方风味餐厅|餐饮服务;中餐厅;综合酒楼,重庆市,重庆市,九龙坡区,,4.7
B0FFHQT033,重庆小面,黄桷坪铁路新村8号附5号(黄桷坪地铁站4号口步行310米),13638386486;18324193438,106.539095,29.492588,,,441749.2217967998,3262712.542900305,050300,餐饮服务;快餐厅;快餐厅,重庆市,重庆市,九龙坡区,,3.6
B0GDHA05ID,丁丁火锅串串香(渝隆观江总店),黄角坪街道龙江路10号附17-18,18983883913,106.53005,29.494069,,,440873.28343731613,3262881.203456115,050117,餐饮服务;中餐厅;火锅店,重庆市,重庆市,九龙坡区,,4.2
B0JU2XJ2Y1,巴门子老火锅(黄角坪店),铁路小学西门西180米(黄桷坪地铁站4号口步行320米),13388985276,106.539059,29.492644,,,441745.76409493084,3262718.7658751584,050117,餐饮服务;中餐厅;火锅店,重庆市,重庆市,九龙坡区,,4.3
B0GRDOKXJO,渝大师烧烤(保利心语花园店),黄桷坪街道龙江路8号2幢1-1号,15123133812,106.529287,29.495704,,,440800.27205553226,3263062.7541231704,050000,餐饮服务;餐饮相关场所;餐饮相关,重庆市,重庆市,九龙坡区,,4.1
B0HR45YE75,渔秋号子江湖鱼,临江村59号,17782268366,106.523016,29.482951,,,440184.90494019986,3261652.8917471915,050100,餐饮服务;中餐厅;中餐厅,重庆市,重庆市,大渡口区,,4.4
B00178X418,海阔天空茶楼(直港大道),直港大道206佳宇英皇酒店附近,023-68177519,106.53012,29.504043,,,440885.8618864494,3263986.3166490593,050600,餐饮服务;茶艺馆;茶艺馆,重庆市,重庆市,九龙坡区,,4.4
B0J145V8G0,香涎村烧烤城(杨家坪店),九龙花园美食街72号,18584500521,106.525976,29.492532,,,440477.4675047005,3262712.976274732,050000,餐饮服务;餐饮相关场所;餐饮相关,重庆市,重庆市,九龙坡区,,4.0
B0FFKMP49C,默浪烤鱼,黄桷坪黄桷花园C栋(玉兔王楼上),13896201719;15823089018,106.541155,29.491459,,,441948.2689443251,3262586.4172625975,050100,餐饮服务;中餐厅;中餐厅,重庆市,重庆市,九龙坡区,,4.3
B0FFGVW3V1,私人订制,重庆电力高等专科学校东区东门旁,13272532308;17623080308,106.539879,29.488869,,,441823.0957651712,3262300.0754032787,071100|050000,生活服务;美容美发店;美容美发店|餐饮服务;餐饮相关场所;餐饮相关,重庆市,重庆市,九龙坡区,,3.7
B0L035CQO7,交通茶馆·安哥哥米线酸辣粉,黄桷坪正街4号,13635495882;15223157368,106.542704,29.48978,,,442097.4716889204,3262399.607875968,050600,餐饮服务;茶艺馆;茶艺馆,重庆市,重庆市,九龙坡区,,4.3
B0G0BU38EJ,HI旋风毛肚老火锅,黄桷坪杨九路黄桷花园3号负1层,13883899775,106.541302,29.491314,,,441962.4362335718,3262570.2775513157,050117,餐饮服务;中餐厅;火锅店,重庆市,重庆市,九龙坡区,,4.3
B0K1NPSQ07,三妹茶楼,九龙民间文化美食街与高进路交叉口西40米,[],106.528011,29.491781,,,440674.2976988388,3262628.7241944033,050600,餐饮服务;茶艺馆;茶艺馆,重庆市,重庆市,九龙坡区,,3.8
B0H33UV1SC,两个胖妹串串香,铁路小学西门旁(四川美术学院地铁站4号口步行440米),18623548188,106.540615,29.492236,,,441896.36563591816,3262672.780469064,050117,餐饮服务;中餐厅;火锅店,重庆市,重庆市,九龙坡区,,4.4
B0LAG7QUIF,周三老面馆(保利心语花园店),黄桷坪街道龙江路8号1栋1-1,18580090855,106.528894,29.495426,,,440762.01504646655,3263032.150914349,050000,餐饮服务;餐饮相关场所;餐饮相关,重庆市,重庆市,九龙坡区,,3.9
B0J0BC3MOO,绵阳米粉(邮电路店),邮电路与新建路交叉口西南240米,13996208331,106.540194,29.489488,,,441853.9856046661,3262368.50485855,050100,餐饮服务;中餐厅;中餐厅,重庆市,重庆市,九龙坡区,,4.1
B0FFHLR977,李三娘面庄,黄桷坪铁路三村12栋1号,13072369378,106.543186,29.492502,,,442145.7434436137,3262700.973108875,050300,餐饮服务;快餐厅;快餐厅,重庆市,重庆市,九龙坡区,,4.4
B0FFMGEL5S,铜一首锅(耙牛肉滩子口店),滩子口95号第一层门面13号,13167815156,106.528733,29.495983,,,440746.73276642844,3263093.9501141054,050117,餐饮服务;中餐厅;火锅店,重庆市,重庆市,九龙坡区,,3.9
B0L69KNXI1,小地方牛肉汤锅,龙江路与龙江支路交叉口东南240米,19936195898,106.528078,29.496701,,,440683.6592494924,3263173.8403389934,050100,餐饮服务;中餐厅;中餐厅,重庆市,重庆市,九龙坡区,,3.6
B0KA1NPL65,德鑫老火锅,龙江路95号附2号,15025302733,106.528527,29.496257,,,440726.9238648636,3263124.4150331602,050117,餐饮服务;中餐厅;火锅店,重庆市,重庆市,九龙坡区,,4.2
B0FFHDW36V,东北娜佳餐馆,黄桷坪新建路4栋附4号,17784737448,106.543338,29.490131,,,442159.1310114895,3262438.184361222,050113,餐饮服务;中餐厅;东北菜,重庆市,重庆市,九龙坡区,,4.5
B0KU5UNTZO,五洲宴会中心,黄桷坪街道滩子口118号附28号,15808033767,106.523352,29.498289,,,440226.483884118,3263352.213982072,050100,餐饮服务;中餐厅;中餐厅,重庆市,重庆市,九龙坡区,,4.7
B0J0LCQXEN,杨嬢嬢鲜肉烧烤(黄桷花园总店),黄桷坪黄桷花园c栋(松针小笼包楼上),18875120178,106.541145,29.491485,,,441947.3143849041,3262589.3031215724,050100,餐饮服务;中餐厅;中餐厅,重庆市,重庆市,九龙坡区,,4.5
B0LKR76ZSO,土货人家,铁路新村8号附11号,[],106.539159,29.492488,,,441755.3685776717,3262701.4305911255,050100,餐饮服务;中餐厅;中餐厅,重庆市,重庆市,九龙坡区,,4.6
B0FFKCASMK,源珍堂时光小院火锅(黄桷坪店),铁路新村47号附61号(黄桷坪地铁站4号口步行430米),023-68513024,106.537295,29.492585,,,441574.73287700233,3262713.112822235,050117,餐饮服务;中餐厅;火锅店,重庆市,重庆市,九龙坡区,,3.9
B0KUUOUGVN,纳尼亚Narnia Cafe(四川美术学院黄桷坪店),四川美术学院内当代美术馆对面,[],106.541153,29.487387,,,441945.7535199333,3262135.2297153412,050500,餐饮服务;咖啡厅;咖啡厅,重庆市,重庆市,九龙坡区,,3.7
B0L1VZB8CR,滋味鲜卤,黄桷坪街道黄桷坪正街3号附5号,19922108378,106.542578,29.49005,,,442085.4108229722,3262429.587292575,050300,餐饮服务;快餐厅;快餐厅,重庆市,重庆市,九龙坡区,,3.7
B0K0HBF3O2,陳記隆江猪脚饭(黄桷坪店),搬运东村10号-89号,13032369702,106.541434,29.490095,,,441974.5374342897,3262435.143232472,050000,餐饮服务;餐饮相关场所;餐饮相关,重庆市,重庆市,九龙坡区,,3.7
B0LDRA9FZJ,交通茶馆.养生茶.盖碗茶,黄桷坪正街7号(川美门口),15320487422;18182397828,106.543035,29.488717,,,442128.95468226925,3262281.6600129986,050600,餐饮服务;茶艺馆;茶艺馆,重庆市,重庆市,九龙坡区,,4.6
B0H0JDT4Q5,520江湖菜(黄桷花园店),黄桷坪街道搬运西村黄桷花园3号楼-10号,023-68666178;15111979178;17830009386,106.541373,29.491262,,,441969.28923094145,3262564.480404973,050100,餐饮服务;中餐厅;中餐厅,重庆市,重庆市,九龙坡区,,4.3
B0FFJ29DJ0,享哆味中国汉堡(九龙坡黄桷坪店),黄桷坪正街3号附11号,19923562488,106.542198,29.490108,,,442048.60674319183,3262436.2030029474,050300,餐饮服务;快餐厅;快餐厅,重庆市,重庆市,九龙坡区,,3.7
B0FFJ1AD6R,刘氏重庆鸡公煲(美院分店),黄桷坪街道邮电路搬运东村10号附13号,18670108791,106.541076,29.489915,,,441939.73039207794,3262415.3772882787,050102,餐饮服务;中餐厅;四川菜(川菜),重庆市,重庆市,九龙坡区,,3.6
B0KB1SBA1F,余仙仙(重庆米线08店),滩子口星河名君底商3号铺(滩子口地铁站2A口步行450米),13618280625,106.527038,29.49771,,,440583.4373526084,3263286.1711397837,050100,餐饮服务;中餐厅;中餐厅,重庆市,重庆市,九龙坡区,,3.4
B0KGUDJCOR,黄桷坪市井老火锅(黄桷花园店),搬运西村黄桷花园3号附17号,13594008415;15025357435,106.54155,29.491079,,,441986.34308764274,3262544.1152635617,050117,餐饮服务;中餐厅;火锅店,重庆市,重庆市,九龙坡区,,4.1
B0KDGUOFXN,南站鲜菜火锅(黄桷坪店),龙吟支路铁路二村101号附4号,[],106.5419,29.494054,,,442021.965815567,3262873.578972459,050117,餐饮服务;中餐厅;火锅店,重庆市,重庆市,九龙坡区,,4.1
B0M67HYEFD,钵钵鸡,龙广路与黄桷坪正街交叉口西北500米,[],106.536675,29.486675,,,441511.2370654899,3262058.580065743,050100,餐饮服务;中餐厅;中餐厅,重庆市,重庆市,九龙坡区,,2.2
B0L65DNQ3L,梯梯豆花·碗碗菜,黄桷坪街道新建路3栋临街层22号,13452875552,106.543169,29.489857,,,442142.5925238239,3262407.908430226,050000,餐饮服务;餐饮相关场所;餐饮相关,重庆市,重庆市,九龙坡区,,4.2
B0IUOH9COS,吴幺妹肥肠鱼,黄桷坪新建路2栋一层号,13368134033,106.542662,29.490539,,,442093.8318543691,3262483.7280093576,050100,餐饮服务;中餐厅;中餐厅,重庆市,重庆市,九龙坡区,,4.2
B0ID77OGJN,农家三宝特色江湖菜(志龙·观江岭店),杨九路17号,13330236828;15823186742,106.535316,29.497538,,,441385.74570891896,3263262.914477425,050100,餐饮服务;中餐厅;中餐厅,重庆市,重庆市,九龙坡区,,4.5
B001795JEQ,王记烧菜,铁路三村3号,13883424552;13983986440,106.542889,29.492921,,,442117.19125875644,3262747.5471362663,050118,餐饮服务;中餐厅;特色/地方风味餐厅,重庆市,重庆市,九龙坡区,,3.4
B0FFIDL0VH,彬娃江湖菜,黄桷坪铁路新村8号铁路新村8号附1号,18202342727,106.538908,29.492866,,,441731.25362223276,3262743.4396856795,050100,餐饮服务;中餐厅;中餐厅,重庆市,重庆市,九龙坡区,,3.9
B0JU76AUAO,食尚江湖菜(星河名居店),滩子口97号星河名居(滩子口地铁站2A口步行430米),13648353300;18323039919,106.527474,29.497296,,,440625.4584630665,3263240.0761501025,050000,餐饮服务;餐饮相关场所;餐饮相关,重庆市,重庆市,九龙坡区,,3.8
B0HUZDHO4I,联防食店家常菜(铁路一村店),铁路一村28号附18号,023-68125697;18166318415,106.530448,29.502187,,,440916.5762509953,3263780.499604771,050100,餐饮服务;中餐厅;中餐厅,重庆市,重庆市,九龙坡区,,4.7
B0LRBHNFGT,谊火锅,黄桷坪铁路五村公交站旁(谊火锅),15696868023,106.545306,29.487779,,,442348.5765614724,3262176.6001075106,050117,餐饮服务;中餐厅;火锅店,重庆市,重庆市,九龙坡区,,4.1
B0FFM8NIWB,蔡大嫂餐馆,铁路三村铁路招待所旁,13224001626;13896973474,106.543652,29.492889,,,442191.1359960131,3262743.622184968,050100,餐饮服务;中餐厅;中餐厅,重庆市,重庆市,九龙坡区,,4.5
B0G0D79SKG,何府记美蛙三合鱼,新建路3号附24号(四川美术学院地铁站4号口步行50米),18523130865,106.54313,29.489905,,,442138.8391442388,3262413.246347017,050100,餐饮服务;中餐厅;中餐厅,重庆市,重庆市,九龙坡区,,4.2
B0G1FXUOQV,香泽源(万顺楼店),龙江路滩子口71号附9号(滩子口地铁站2A口步行240米),13650531738,106.526112,29.498543,,,440494.16477412375,3263378.943245099,050100,餐饮服务;中餐厅;中餐厅,重庆市,重庆市,九龙坡区,,3.6
B0JRBYMN8I,美蛙肥肠三合鱼(天河名港店),滩子口56号附20号(滩子口地铁站2A口步行150米),[],106.526495,29.49923,,,440531.6910242802,3263454.8690912277,050300,餐饮服务;快餐厅;快餐厅,重庆市,重庆市,九龙坡区,,3.6
B0FFL1KP9Y,铁色耙牛肉(滩子口店),黄桷坪街道滩子口56号附1-25,13372729506,106.526274,29.499082,,,440510.18274618604,3263438.583222596,050100,餐饮服务;中餐厅;中餐厅,重庆市,重庆市,九龙坡区,,4.0
B0FFJYAFZT,傅老大鱼庄(晋愉·九龙湾店),黄桷坪铁路一村28号附22号,13883564664,106.530672,29.501844,,,440938.089128179,3263742.3804358947,050100,餐饮服务;中餐厅;中餐厅,重庆市,重庆市,九龙坡区,,4.2
B0FFGX8I21,杨记卤菜店,涂鸦一条街东北门旁(四川美术学院地铁站4号口步行260米),13452922878;18983127211,106.541316,29.490007,,,441963.0483941262,3262425.451432256,050000,餐饮服务;餐饮相关场所;餐饮相关,重庆市,重庆市,九龙坡区,,4.1
B0LA2RMTMM,雾都小食堂,黄桷坪街3号附2号(四川美术学院地铁站4号口步行80米),13368166779;13983211877,106.541138,29.487559,,,441944.3974440437,3262154.2952538785,050000,餐饮服务;餐饮相关场所;餐饮相关,重庆市,重庆市,九龙坡区,,4.0
B0FFGZOLDQ,巧燕面庄,铁路三村12号附3号,[],106.543263,29.492504,,,442153.20875729236,3262701.1564373164,050100,餐饮服务;中餐厅;中餐厅,重庆市,重庆市,九龙坡区,,3.7
B0KK5RGQJA,有火由火面包(九龙坡五洲书店),滩子口118号五洲世纪中心,[],106.523537,29.498381,,,440244.47032118094,3263362.312835903,050000,餐饮服务;餐饮相关场所;餐饮相关,重庆市,重庆市,九龙坡区,,3.7
B00178VPWM,壹加壹=叁(滩子口店),滩子口49-70号天河名港,13594660612;13617666649,106.52697,29.499179,,,440577.7035291922,3263448.9754535956,050117,餐饮服务;中餐厅;火锅店,重庆市,重庆市,九龙坡区,,4.2
B0KDYUUCHU,老码头火锅,锦龙路276号,17782268366,106.523436,29.483262,,,440225.80505142856,3261687.1356719327,050117,餐饮服务;中餐厅;火锅店,重庆市,重庆市,大渡口区,,4.2
B0JGJS403T,垫江烧烤吧(荣安九龙壹号店),黄桷坪街道摊子口106号附21号,18680870770,106.524855,29.497116,,,440371.4855971103,3263221.4708835064,050118,餐饮服务;中餐厅;特色/地方风味餐厅,重庆市,重庆市,九龙坡区,,3.9
B001786TUG,二哥牛肉面馆,黄桷花园东北门西北450米,15723454299,106.53906,29.493802,,,441746.52362231293,3262847.0749851307,050100,餐饮服务;中餐厅;中餐厅,重庆市,重庆市,九龙坡区,,3.2
B0G1ZA48ER,幺妹烧烤羊肉串,滩子口95号附17号,18580398828,106.528986,29.495738,,,440771.11456829007,3263066.6745936438,050118,餐饮服务;中餐厅;特色/地方风味餐厅,重庆市,重庆市,九龙坡区,,3.8
B0FFI45I8G,渝隆茶楼(观江美郡店),观江美郡西门旁,15123856969,106.528024,29.492461,,,440675.9541137062,3262704.0635201507,050600,餐饮服务;茶艺馆;茶艺馆,重庆市,重庆市,九龙坡区,,3.7
B00178XDG5,酸汤鸡(新华苑店),新华苑B区(商贸)6-7号,13527553016,106.525156,29.502265,,,440403.6774309473,3263791.8414586796,050100,餐饮服务;中餐厅;中餐厅,重庆市,重庆市,九龙坡区,,4.3
B001786W12,原味面庄(黄桷花园店),黄桷花园A栋12号(四川美术学院地铁站4号口步行270米),15086660041,106.541763,29.490841,,,442006.85548080556,3262517.6380611886,050100,餐饮服务;中餐厅;中餐厅,重庆市,重庆市,九龙坡区,,4.1
B0H1M916XC,天津煎饼果子,黄桷花园大门口(四川美术学院地铁站4号口步行250米),15683802019,106.54184,29.490943,,,442014.3778695733,3262528.901570155,050000,餐饮服务;餐饮相关场所;餐饮相关,重庆市,重庆市,九龙坡区,,3.3
B0L3VAFUJ7,宁波大肉包,黄桷坪街道黄桷坪正街搬运西村3号黄桷花园,18358212826,106.541868,29.491144,,,442017.2066217685,3262551.1589638568,050100,餐饮服务;中餐厅;中餐厅,重庆市,重庆市,九龙坡区,,2.5
B0G2SCKBHP,钵钵鸡,黄桷坪街邮电支路10号附22号,17382392350,106.541356,29.490023,,,441966.9351036368,3262427.2043293496,050100,餐饮服务;中餐厅;中餐厅,重庆市,重庆市,九龙坡区,,3.5
B0FFHU5DV8,久久茶楼,杨家坪正街29附近,[],106.527698,29.491864,,,440644.004430436,3262638.0804314297,050600,餐饮服务;茶艺馆;茶艺馆,重庆市,重庆市,九龙坡区,,3.1
B0I1KRXFB8,弯弯重庆小面,黄正街社区西门南100米,15520016727,106.543293,29.487762,,,442153.4229499141,3262175.71523059,050100,餐饮服务;中餐厅;中餐厅,重庆市,重庆市,九龙坡区,,3.7
B0FFKJNWSM,果奶汇酸奶捞(黄桷坪店),新建路4号-附6号(四川美术学院地铁站4号口步行70米),15123880046,106.542754,29.489858,,,442102.36303850857,3262408.225610415,050900|050700,餐饮服务;甜品店;甜品店|餐饮服务;冷饮店;冷饮店,重庆市,重庆市,九龙坡区,,3.2
B0FFHVMV2X,孔林豆花店,杨渡路黄桷花园2号楼门面19号,15023708337,106.541847,29.490699,,,442014.9174864182,3262501.8622228075,050100,餐饮服务;中餐厅;中餐厅,重庆市,重庆市,九龙坡区,,3.8
B0JRAYJNEC,褚记皇黄牛肉面(新华春天店),新华七村202号附34号33,13668086616,106.518917,29.499023,,,439797.0243215073,3263435.8299898854,050300,餐饮服务;快餐厅;快餐厅,重庆市,重庆市,九龙坡区,,3.8
B0I0Z7BRHI,黄桷坪老火锅(总店),滩子口京渝国际文创园8栋附29号,18502331113,106.527625,29.503125,,,440643.4948121188,3263885.869848477,050117,餐饮服务;中餐厅;火锅店,重庆市,重庆市,九龙坡区,,4.6
B0FFHCST0T,何姐餐馆,九渡口正街60号,17815082001,106.543759,29.478861,,,442193.5462289127,3261189.230135663,050100,餐饮服务;中餐厅;中餐厅,重庆市,重庆市,九龙坡区,,4.5
B00170I3K7,麦格来茶楼,直港大道202号佳宇广场5号(金江明珠对面),023-68163688,106.530609,29.505882,,,440934.3263783159,3264189.8350855275,050600,餐饮服务;茶艺馆;茶艺馆,重庆市,重庆市,九龙坡区,,4.5
B0KG6AU12M,阳记小龙包,九龙八村1号附11号,17783832170;19332238349,106.52573,29.497328,,,440456.42610475124,3263244.5130347554,050000,餐饮服务;餐饮相关场所;餐饮相关,重庆市,重庆市,九龙坡区,,3.4
B0JAGCADQW,The 7柒村咖啡,杨家坪正街43号二楼,18580332240,106.521457,29.500195,,,440043.9203911468,3263564.3796121264,050500,餐饮服务;咖啡厅;咖啡厅,重庆市,重庆市,九龙坡区,,4.0
B0IAJMRSLE,龙庭源茶楼,九龙民间文化美食街与高进路交叉口西120米,023-68500968;18523824788,106.527203,29.492203,,,440596.2178511358,3262675.895175097,050600,餐饮服务;茶艺馆;茶艺馆,重庆市,重庆市,九龙坡区,,4.1
B0FFIBN6SB,问泉茶楼(九龙花园店),滩子口九龙花园美食一条街,13436079586,106.526142,29.492272,,,440493.4071669852,3262684.0826285663,050600,餐饮服务;茶艺馆;茶艺馆,重庆市,重庆市,九龙坡区,,4.1
B0HAOSJ3JM,江州醉老火锅,西子路202号新华春天,15723065091,106.519817,29.497566,,,439883.4020569235,3263273.924583967,050117,餐饮服务;中餐厅;火锅店,重庆市,重庆市,九龙坡区,,4.2
B0FFJBCC9U,韩聚阁石锅拌饭店,搬运东村10-76号,13452922878;17623082796,106.541668,29.490483,,,441997.44234235695,3262478.0180361914,050203,餐饮服务;外国餐厅;韩国料理,重庆市,重庆市,九龙坡区,,3.6
B0KACSFFD2,CHAGEE霸王茶姬(重庆九龙坡黄桷坪美术学院店),黄桷坪正街90号(四川美术学院地铁站4号口步行170米),19112135894,106.542981,29.488192,,,442123.42147694866,3262223.5154715274,050700,餐饮服务;冷饮店;冷饮店,重庆市,重庆市,九龙坡区,,4.2
B0FFIVS274,老道口家常菜,直港大道与龙吟路交叉口东50米,15123364024,106.532034,29.500749,,,441069.47182787646,3263620.3605119344,050102,餐饮服务;中餐厅;四川菜(川菜),重庆市,重庆市,九龙坡区,,4.0
B0JGLUJI9N,七村三三老火锅(新华春天店),西子路202号新华春天,13647688088,106.519425,29.498675,,,439846.0598008077,3263397.0077754785,050117,餐饮服务;中餐厅;火锅店,重庆市,重庆市,九龙坡区,,4.2
B001792WMN,梯坎豆花,黄桷坪街213号附9、10号(近四川美术学院大门),13617671189,106.543306,29.487636,,,442154.61162077286,3262161.7476374535,050100,餐饮服务;中餐厅;中餐厅,重庆市,重庆市,九龙坡区,,4.5
B0JBT1DI8S,壹品牛肉面(荣安九龙壹号店),华润·半山悦景北区西门西北50米,15215046375,106.524817,29.497035,,,440367.75468636426,3263212.515315453,050100,餐饮服务;中餐厅;中餐厅,重庆市,重庆市,九龙坡区,,3.6
B0FFFZ1HT4,小碗菜(黄角坪店),新建路4号附7号,13594186754;15086845147,106.543344,29.490122,,,442159.70753677853,3262437.1841552416,050100,餐饮服务;中餐厅;中餐厅,重庆市,重庆市,九龙坡区,,3.4
B0HBDRTT54,怡时光酒吧,黄桷坪邮电支路美院后街2号附28号,18580262080,106.539747,29.488667,,,441810.18413858523,3262277.7592473314,080304|050000,体育休闲服务;娱乐场所;酒吧|餐饮服务;餐饮相关场所;餐饮相关,重庆市,重庆市,九龙坡区,,3.6
B0J3U73OI3,樱桃火锅(龙江路店),滩子口97号附五号(滩子口地铁站2A口步行470米),15178758712,106.527767,29.497003,,,440653.68899481074,3263207.4614083865,050117,餐饮服务;中餐厅;火锅店,重庆市,重庆市,九龙坡区,,4.2
B0I1UOYPYU,秘制烧烤(志龙·观江岭店),黄角坪街道官家林11号附26号,15736003980;18180528768,106.535109,29.497881,,,441365.8782285702,3263301.024161232,050118,餐饮服务;中餐厅;特色/地方风味餐厅,重庆市,重庆市,九龙坡区,,3.4
B0HA2KPE9C,豆吉汤圆奶茶(黄桷坪店),新建路黄桷坪正街3号附3号,17623551296;18008320742,106.542653,29.489988,,,442092.6460412679,3262422.6802073857,050700,餐饮服务;冷饮店;冷饮店,重庆市,重庆市,九龙坡区,,3.8
B0L1LSF7UG,丰亨兔卤菜店,滩子口71号万顺楼(滩子口地铁站2A口步行130米),17783376015,106.527052,29.498862,,,440585.4668436435,3263413.809027987,050300,餐饮服务;快餐厅;快餐厅,重庆市,重庆市,九龙坡区,,3.3
B0LRAP08EL,贵州羊肉粉馆(滩子口店),龙江路与龙江支路交叉口西40米,[],106.525607,29.498284,,,440445.0626889069,3263350.5036434666,050100,餐饮服务;中餐厅;中餐厅,重庆市,重庆市,九龙坡区,,3.4
B0FFJ1U6YX,罗石钵钵鸡冒菜馆(福星楼店),黄桷坪街临335号附11号,13102386801,106.543417,29.488502,,,442165.86402330024,3262257.64756505,050100,餐饮服务;中餐厅;中餐厅,重庆市,重庆市,九龙坡区,,3.6
B0FFITX0IM,罐罐米线(新建路店),黄正街社区西门北210米,023-68190641;13627693177;18623334142,106.543136,29.490201,,,442139.5889846044,3262446.0409566252,050100,餐饮服务;中餐厅;中餐厅,重庆市,重庆市,九龙坡区,,4.0
B0FFFZ1KQ2,祥和炒菜馆(邮电路店),黄桷坪搬运东村10-10号,023-68508828;13638365157,106.54099,29.489882,,,441931.3747453415,3262411.763704862,050100,餐饮服务;中餐厅;中餐厅,重庆市,重庆市,九龙坡区,,4.0
B0H3XU1OFB,LAWSON罗森(电力高等专科学校店),黄桷坪街道邮电路搬运东村10-16号,023-68615676,106.541194,29.490023,,,441951.23086472537,3262427.2851190465,060200|050000,购物服务;便民商店/便利店;便民商店/便利店|餐饮服务;餐饮相关场所;餐饮相关,重庆市,重庆市,九龙坡区,,3.7
B00178X9A0,华莱士·全鸡汉堡(黄桷坪店),黄桷坪新建路2栋7号,023-68504866,106.542706,29.490583,,,442098.1222023299,3262488.5814362583,050300,餐饮服务;快餐厅;快餐厅,重庆市,重庆市,九龙坡区,,3.9
B0LKB6SQL1,炸了个串(黄桷坪正街店),黄正街社区西门西北130米,[],106.542939,29.489522,,,442120.10592588916,3262370.903894772,050300,餐饮服务;快餐厅;快餐厅,重庆市,重庆市,九龙坡区,,2.5
B0FFKN56A4,新龙门客栈清吧,福星楼8号附6号(四川美术学院地铁站4号口步行130米),13608220884;18725624529,106.543641,29.488756,,,442187.7230526665,3262285.6801527576,050600,餐饮服务;茶艺馆;茶艺馆,重庆市,重庆市,九龙坡区,,3.9
B0FFH2K13K,嘟嘟嘴章鱼小丸子,黄桷坪正街108号15栋四川美术学院黄桷坪校区邮电支路商铺2号,13708364154,106.541925,29.490129,,,442022.1541739367,3262438.665826445,050100,餐饮服务;中餐厅;中餐厅,重庆市,重庆市,九龙坡区,,3.9
B0J30MD2U2,库迪咖啡(黄桷坪美院店),黄桷坪街道临335号附2号(黄桷坪公交站斜对面),19922043428,106.543054,29.488684,,,442130.7778068046,3262277.994078282,050500,餐饮服务;咖啡厅;咖啡厅,重庆市,重庆市,九龙坡区,,3.9
B0K60DVX7P,半岛食店(晋愉·九龙湾店),铁路一村28号1晋愉·九龙湾,[],106.530275,29.502525,,,440900.0039430541,3263818.038894923,050100,餐饮服务;中餐厅;中餐厅,重庆市,重庆市,九龙坡区,,3.3
B0K0K9C4G0,玉凤罐罐米线,铁路一村28号1晋愉·九龙湾,[],106.530184,29.5023,,,440891.05281972414,3263793.1544471756,050100,餐饮服务;中餐厅;中餐厅,重庆市,重庆市,九龙坡区,,3.2
B0H21X9XLY,甜菓仔(新华春天店),西子路202号新华春天,19112769854,106.51924,29.498257,,,439827.8803314099,3263350.7877506106,050000,餐饮服务;餐饮相关场所;餐饮相关,重庆市,重庆市,九龙坡区,,4.2
B0IGLZ2KBU,金凌餐馆,铁路二村101号附2号,15223177175,106.542002,29.493808,,,442031.713206164,3262846.2706806995,050100,餐饮服务;中餐厅;中餐厅,重庆市,重庆市,九龙坡区,,4.5
B0FFHSIJL1,佳韵鲜味坊(黄桷坪店),黄桷坪新建路2号附16号,13908337210;17353269049;18680793049,106.543042,29.490353,,,442130.5630537924,3262462.9297004123,050000,餐饮服务;餐饮相关场所;餐饮相关,重庆市,重庆市,九龙坡区,,4.1
B0J2N5HE50,渝味·炽火锅(手工炒料),西子路新华七村202号附38号,18623623793,106.518695,29.499221,,,439775.6227076253,3263457.8838900565,050117,餐饮服务;中餐厅;火锅店,重庆市,重庆市,九龙坡区,,3.9
B0LABZZ9CP,交通家常菜,黄桷坪正街4号附1号,18117342500,106.542713,29.489771,,,442098.3390307916,3262398.6061743246,050100,餐饮服务;中餐厅;中餐厅,重庆市,重庆市,九龙坡区,,3.4
B0LD1GJSUK,小林家常炒菜,涂鸦一条街东北门旁(四川美术学院地铁站4号口步行260米),[],106.541291,29.49006,,,441960.655110308,3262431.3364421166,050100,餐饮服务;中餐厅;中餐厅,重庆市,重庆市,九龙坡区,,2.9
B00178VSR5,陈记兄弟串串香(滩子口店),滩子口56号1-6号(滩子口地铁站2A口步行160米),13101315038,106.526436,29.499185,,,440525.945794272,3263449.9131130963,050117,餐饮服务;中餐厅;火锅店,重庆市,重庆市,九龙坡区,,4.1
B0LK079125,呼啦面馆·头牌豌杂面(重庆上游村1号店),钢铁支路a13号,[],106.519025,29.488525,,,439801.2857231564,3262272.564260478,050100,餐饮服务;中餐厅;中餐厅,重庆市,重庆市,九龙坡区,,3.7
B0J15RX03T,冷婆婆蹄花汤(黄正街社区店),黄桷坪街105号附1号,15123386228,106.54339,29.488029,,,442162.97795970377,3262205.251330458,050000,餐饮服务;餐饮相关场所;餐饮相关,重庆市,重庆市,九龙坡区,,4.3
B0JBOSOY7G,朱记山东水饺(福星楼店),黄桷坪正街8号附3号(四川美术学院地铁站4号口步行90米),13983356401,106.543369,29.488765,,,442161.3602311123,3262286.8125146586,050101,餐饮服务;中餐厅;综合酒楼,重庆市,重庆市,九龙坡区,,3.5
B001708OBU,胡记蹄花汤,新建路5-2号(四川美术学院地铁站4号口步行70米),18696665171,106.54305,29.489075,,,442130.6122515607,3262321.319906782,050100,餐饮服务;中餐厅;中餐厅,重庆市,重庆市,九龙坡区,,4.5
B0GUCC7P2Z,王姐豆花饭面庄,龙隐花苑东北门北140米,15730457839,106.543427,29.492191,,,442168.9286977056,3262666.3936798237,050300,餐饮服务;快餐厅;快餐厅,重庆市,重庆市,九龙坡区,,3.7
B0I3TCE402,一碗面(荣安九龙壹号店),黄桷坪街道滩子口106号附11号,17383193872,106.525162,29.497439,,,440401.4331862985,3263257.1029635025,050100,餐饮服务;中餐厅;中餐厅,重庆市,重庆市,九龙坡区,,3.9
B0LDZ9UAAP,川娃特色冒菜,邮电路与新建路交叉口西南20米,[],106.542375,29.490325,,,442065.8885299419,3262460.159065025,050100,餐饮服务;中餐厅;中餐厅,重庆市,重庆市,九龙坡区,,3.2
B0LRHH7O23,蔚火锅,杨家坪正街与九凤大道交叉口东南140米,13668407703,106.523646,29.498429,,,440255.0640778824,3263367.5754069705,050117,餐饮服务;中餐厅;火锅店,重庆市,重庆市,九龙坡区,,4.3
B0JK77R3DB,夏掌柜包子铺,黄桷坪新建路2栋1-2号,15523219998,106.542539,29.490688,,,442081.9930825667,3262500.2988157836,050000,餐饮服务;餐饮相关场所;餐饮相关,重庆市,重庆市,九龙坡区,,3.6
B0FFIS3LH0,晨光烧饼(九龙美术半岛店),黄桷坪街2号-附6号西北60米,17815256339,106.541738,29.490345,,,442004.1494909149,3262462.692379354,050000,餐饮服务;餐饮相关场所;餐饮相关,重庆市,重庆市,九龙坡区,,3.3
B0HU26OGKN,猪猪茶楼(万顺楼店),滩子口71号万顺楼,19922163392,106.526341,29.498331,,,440516.2382591928,3263355.335916023,050600,餐饮服务;茶艺馆;茶艺馆,重庆市,重庆市,九龙坡区,,4.2
B0FFK1SJQM,蜜雪冰城(九龙美术半岛店),坦克仓库艺术西北门旁,023-68413294;13320283262,106.541926,29.490051,,,442022.206700342,3262430.0227184067,050700,餐饮服务;冷饮店;冷饮店,重庆市,重庆市,九龙坡区,,4.1
B00178UCQM,玉兔王烧鸡公(黄桷花园店),黄桷坪街道黄桷坪正街搬运西村3号黄桷花园,15808011264,106.541231,29.49149,,,441955.6539338764,3262589.8142392677,050100,餐饮服务;中餐厅;中餐厅,重庆市,重庆市,九龙坡区,,4.1
B001793S9D,三妹面馆,电力三村65号附10号,15023218132,106.538543,29.484347,,,441690.99365554634,3261799.694281048,050100,餐饮服务;中餐厅;中餐厅,重庆市,重庆市,九龙坡区,,3.7
B0L2R5MY9D,半岛鲜厨,九龙半岛长江灯塔入口西北70米,13696454614;13883081832,106.530803,29.500958,,,440950.2727205116,3263644.142486089,050100,餐饮服务;中餐厅;中餐厅,重庆市,重庆市,九龙坡区,,4.1
B0L6PPPUVT,三三老火锅(新华春天店),西子路202号新华春天,[],106.518714,29.499157,,,439777.4265335862,3263450.782657911,050117,餐饮服务;中餐厅;火锅店,重庆市,重庆市,九龙坡区,,4.1
B001790I1V,陈安健交通茶馆,黄桷坪正街7号(四川美术学院地铁站4号口步行50米),13608340895,106.542732,29.488645,,,442099.54062702355,3262273.832918067,050600,餐饮服务;茶艺馆;茶艺馆,重庆市,重庆市,九龙坡区,,4.6
B0G0B1562I,红太阳鱼庄,黄桷坪街道九渡口,13022302338;13368035388,106.538097,29.47855,,,441644.43504757184,3261157.5951674255,050100,餐饮服务;中餐厅;中餐厅,重庆市,重庆市,九龙坡区,,4.2
B0H3X74PX2,七村姐妹面庄,新华七村202号附5号,13883311151,106.521019,29.499343,,,440000.96270276123,3263470.201184326,050100,餐饮服务;中餐厅;中餐厅,重庆市,重庆市,九龙坡区,,4.5
B001792LL7,绝味鸭脖(黄桷坪店),黄桷坪正街4号(四川美术学院地铁站4号口步行50米),4009995917,106.54284,29.489765,,,442110.64699615736,3262397.87818232,050000,餐饮服务;餐饮相关场所;餐饮相关,重庆市,重庆市,九龙坡区,,4.2
B0G3HH54JZ,好友面庄,龙江支路1号附17号(滩子口地铁站2A口步行390米),[],106.525577,29.497107,,,440441.46605931176,3263220.103880182,050100,餐饮服务;中餐厅;中餐厅,重庆市,重庆市,九龙坡区,,3.5
B00170I5JA,侯六妹酸辣粉(黄桷坪正街店),黄桷花园东北门旁(四川美术学院地铁站4号口步行190米),15823329985,106.542039,29.490813,,,442033.59469368827,3262514.398085396,050100,餐饮服务;中餐厅;中餐厅,重庆市,重庆市,九龙坡区,,3.8
B0KGP4YBHC,茶百道(九龙坡黄桷坪店),黄角坪街道临街335号附1516号,13452130605,106.543055,29.489044,,,442131.0793371973,3262317.882538208,050700,餐饮服务;冷饮店;冷饮店,重庆市,重庆市,九龙坡区,,4.0
B0FFIANAJ8,七村姊妹面庄(铁马公寓店),新华六村51号附19号,13896136979,106.518281,29.499773,,,439735.82002268656,3263519.2615630557,050100,餐饮服务;中餐厅;中餐厅,重庆市,重庆市,九龙坡区,,4.2
B0H0OSXSLW,鲜烧烤(新华春天店),西子路202号新华春天,13708327177,106.518595,29.499226,,,439765.93254666345,3263458.489670851,050100,餐饮服务;中餐厅;中餐厅,重庆市,重庆市,九龙坡区,,3.9
B0FFJ5J16H,WECOFFEE(京渝国际文创园店),滩子口29号附20号1号楼一层,023-68401017;13368411787,106.528198,29.502599,,,440698.7277067144,3263827.29523051,050500,餐饮服务;咖啡厅;咖啡厅,重庆市,重庆市,九龙坡区,,3.8
B0LGSS1LEC,巴滨食一,李家沱街道马王坪正街52号,13650525850,106.529862,29.471087,,,440841.7126288867,3260334.8314640485,050100,餐饮服务;中餐厅;中餐厅,重庆市,重庆市,巴南区,,4.1
B0K2796AWQ,重庆辣御荘食府,天兴路2号2栋附33号(上江城门口佳宇英皇酒店对面),15696975188,106.530192,29.504641,,,440893.1879303531,3264052.54028865,050100,餐饮服务;中餐厅;中餐厅,重庆市,重庆市,九龙坡区,,4.5
B0LBFR012Z,四季风茶馆,杨家坪滩子口广厦城8号广厦城蜜宫,[],106.536203,29.494425,,,441469.935127676,3262917.538716767,050600,餐饮服务;茶艺馆;茶艺馆,重庆市,重庆市,九龙坡区,,2.2
B0H0JDV0LK,九酒家常菜 特色干锅,九龙八村商住楼15号,13896520909,106.52572,29.497327,,,440455.4561904435,3263244.4073491134,050100,餐饮服务;中餐厅;中餐厅,重庆市,重庆市,九龙坡区,,3.9
B00178UCYO,歪角老味道火锅(黄桷花园店),黄桷坪街道黄桷坪正街搬运西村3号黄桷花园,13638357623,106.54084,29.491003,,,441917.47322679433,3262536.0483904937,050117,餐饮服务;中餐厅;火锅店,重庆市,重庆市,九龙坡区,,3.8
B0L3M7MDKT,高思益炖鸡馆,搬运西村1号附1号,13678404998,106.541277,29.490656,,,441959.63768813625,3262497.3818342085,050100,餐饮服务;中餐厅;中餐厅,重庆市,重庆市,九龙坡区,,3.6
B0FFHKQN1N,一口香臊子面火锅米线(九龙美术半岛店),黄桷坪街213号附11(四川美术学院大门正对面),18623372276,106.543292,29.487571,,,442153.2175091239,3262154.552424021,050100,餐饮服务;中餐厅;中餐厅,重庆市,重庆市,九龙坡区,,3.9
B0K1YCA3WO,六六鲜包粥坊,铁路新村7号附2号(黄桷坪地铁站4号口步行250米),18306002522,106.538849,29.493065,,,441725.64823948266,3262765.518979962,050100,餐饮服务;中餐厅;中餐厅,重庆市,重庆市,九龙坡区,,3.4
B0G13R1HSU,兄弟干溜面(融汇半岛五园湾A区店),峡谷路433号融汇半岛五期-B期,15618145783,106.518454,29.473578,,,439737.08979230846,3260616.6903868164,050100,餐饮服务;中餐厅;中餐厅,重庆市,重庆市,巴南区,,4.2
B0L10HDJ67,瑞幸咖啡(九龙坡区人民医院店),钢铁支路a13号,4000100100,106.518497,29.488813,,,439750.2710773702,3262304.748709273,050500,餐饮服务;咖啡厅;咖啡厅,重庆市,重庆市,九龙坡区,,4.3
B0L2K7G0WA,刘大姐生鲜超市(广厦城店),黄角坪广厦城6号9幢附2号,15310139453,106.531172,29.490905,,,440980.21150384244,3262530.053698732,060703,购物服务;综合市场;农副产品市场,重庆市,重庆市,九龙坡区,,3.7
B0KRFUSBC8,条马批发部(广厦城店),广厦城6号广厦城巢上二期,[],106.530962,29.490992,,,440959.90476103104,3262539.8000592478,060000,购物服务;购物相关场所;购物相关场所,重庆市,重庆市,九龙坡区,,4.0
B0FFF2NGI7,卤味家便利店(广厦城巢上二期店),广厦城6号8幢附15号,13983023093,106.530553,29.490944,,,440920.22889053146,3262534.6890802956,060200,购物服务;便民商店/便利店;便民商店/便利店,重庆市,重庆市,九龙坡区,,3.6
B0FFGK8HEB,家佳超市(广厦城店),广厦城一期6号院13-2号,4000237858,106.53201,29.491111,,,441061.56562748225,3262552.454397546,060400,购物服务;超级市场;超市,重庆市,重庆市,九龙坡区,,4.2
B0LDD57SBV,沃鑫礼品黄金烟酒回收,龙广路与龙江路交叉口东100米,18224351424,106.530273,29.491545,,,440893.4348694531,3262601.423755776,061200,购物服务;专卖店;专营店,重庆市,重庆市,九龙坡区,,3.6
B0FFG1LC82,永胜超市(九龙店),九龙花园东门旁,[],106.528911,29.491197,,,440761.2022893166,3262563.5568734575,060400,购物服务;超级市场;超市,重庆市,重庆市,九龙坡区,,3.6
B0KUGHRG8N,零食很忙(重庆九龙坡广厦城店),广厦城6号4栋一层7.8号,4009998082,106.529671,29.491935,,,440835.304580063,3262644.942762918,061200,购物服务;专卖店;专营店,重庆市,重庆市,九龙坡区,,4.3
B0ID6R5WXY,嘉百邻超市(广厦城店),九龙小学东南2门东60米,[],106.52997,29.492519,,,440864.62825218943,3262709.4996577958,060400,购物服务;超级市场;超市,重庆市,重庆市,九龙坡区,,4.0
B0FFGBVI10,美亨铝材经营中心(金源利·青国青城店),青国青城南1门车库,15825989899,106.525826,29.489382,,,440461.0849301185,3262364.023945609,060603,购物服务;家居建材市场;建材五金市场,重庆市,重庆市,九龙坡区,,3.6
B0L3MCMJ2X,带我回家·猫舍犬舍宠物市场,黄桷坪街道锦龙路289号4幢附14号,13026180207,106.526106,29.490497,,,440488.879943675,3262487.425924958,061211,购物服务;专卖店;宠物用品店,重庆市,重庆市,九龙坡区,,3.8
B0FFHKF1QB,宏亿电脑(广厦城一期2号院店),龙江路广厦城2号附13号,18523505495,106.530251,29.493242,,,440892.28743214667,3262789.4673696766,060306|071200,购物服务;家电电子卖场;数码电子|生活服务;维修站点;维修站点,重庆市,重庆市,九龙坡区,,3.3
B0I64DVVWG,北方门窗配件(金源利·青国青城店),锦龙路289号附4号(金利源青国青城店),15823805710,106.524987,29.489455,,,440379.794589744,3262372.5420500664,060603,购物服务;家居建材市场;建材五金市场,重庆市,重庆市,九龙坡区,,4.1
B0J0JZDY7P,仓象仓(花园店),九龙美食街3号,[],106.527167,29.492224,,,440592.7403436109,3262678.240412279,060000,购物服务;购物相关场所;购物相关场所,重庆市,重庆市,九龙坡区,,4.0
B0FFG1LGRM,喜士多副食(金源利·青国青城店),锦龙路289号3幢附3号,13368192227,106.525162,29.490178,,,440397.1823798062,3262452.5628875624,060200,购物服务;便民商店/便利店;便民商店/便利店,重庆市,重庆市,九龙坡区,,3.8
B0M6YDRCW3,立邦刷新服务(广厦城店),广厦城一期2号院,[],106.530481,29.493851,,,440914.93633134395,3262856.829517323,060603,购物服务;家居建材市场;建材五金市场,重庆市,重庆市,九龙坡区,,2.6
B0HRHM0ET5,超群建材门窗五金(金源利·青国青城店),锦龙路289号附2号,13101201202,106.524681,29.489683,,,440350.26437993837,3262397.9618952037,060603,购物服务;家居建材市场;建材五金市场,重庆市,重庆市,九龙坡区,,3.4
B0FFIAH57D,百果园(广厦城店),龙江路10号附15号,023-68435426,106.530049,29.494137,,,440873.225994457,3262888.7385602277,060704,购物服务;综合市场;果品市场,重庆市,重庆市,九龙坡区,,4.2
B0FFLIGX2C,LABO23广厦城·山顶道店,滩子口九龙花园(福星水世界旁)山顶道店,13308352923,106.5248,29.492626,,,440363.52405944216,3262723.993817306,060000,购物服务;购物相关场所;购物相关场所,重庆市,重庆市,九龙坡区,,3.9
B0FFHEDT3L,7点鲜生活超市(广夏城店),龙江路8号保利心语花园,18983253308,106.529165,29.49511,,,440788.1005546382,3262996.999266104,060400,购物服务;超级市场;超市,重庆市,重庆市,九龙坡区,,4.0
B0I2XU1NT1,条马批发部(保利心语店),龙江路95号附16号,[],106.52877,29.495417,,,440749.98990337027,3263031.2168195928,060200,购物服务;便民商店/便利店;便民商店/便利店,重庆市,重庆市,九龙坡区,,4.0
B0J06RRHHK,HEYU·艺术商店,黄桷坪街道黄桷坪正街川美后街,[],106.540374,29.489321,,,441871.3395177132,3262349.910894453,060000,购物服务;购物相关场所;购物相关场所,重庆市,重庆市,九龙坡区,,3.6
B0FFHGIBZW,骨头帮宠物生活馆,滩子口95号星河名居第一层门面8号,17784253011,106.52858,29.496138,,,440731.99207909056,3263111.202487757,061211,购物服务;专卖店;宠物用品店,重庆市,重庆市,九龙坡区,,3.9
B0H3OH0RKX,品物集,铁路二村122号(黄桷坪地铁站4号口步行320米),13594139439;18875082412,106.539589,29.492826,,,441797.2448916969,3262738.666789311,060000,购物服务;购物相关场所;购物相关场所,重庆市,重庆市,九龙坡区,,3.7
B001792M5X,新世纪超市(黄桷坪店),黄桷坪街道黄桷坪正街搬运西村3号黄桷花园,023-89087051,106.541198,29.490777,,,441952.0484784265,3262510.8283623992,060400,购物服务;超级市场;超市,重庆市,重庆市,九龙坡区,,4.4
B0HRSCQPME,立达五金,黄桷坪正街3号附7号,023-68500816,106.542524,29.490082,,,442080.19428126863,3262433.1598509806,060603,购物服务;家居建材市场;建材五金市场,重庆市,重庆市,九龙坡区,,3.7
B00179458V,鲁轩美术培训学校(黄桷坪总部校区),黄桷坪正街5号附10号(四川美术学院地铁站4号口旁),15826287260;15923147511,106.542999,29.48941,,,442125.8586811687,3262358.4641586933,141400|060000,科教文化服务;培训机构;培训机构|购物服务;购物相关场所;购物相关场所,重庆市,重庆市,九龙坡区,,4.5
B0GDSRROF7,谊品生鲜(黄桷坪店),新建路1-1号(四川美术学院地铁站4号口步行170米),15983108889,106.542499,29.49081,,,442078.1849202074,3262513.836651547,060703,购物服务;综合市场;农副产品市场,重庆市,重庆市,九龙坡区,,4.0
B0FFJRCP60,西渝皮艺馆,黄桷坪街4号附7号,13648323906,106.542791,29.489845,,,442105.9424229844,3262406.7667698567,061100|070000,购物服务;服装鞋帽皮具店;服装鞋帽皮具店|生活服务;生活服务场所;生活服务场所,重庆市,重庆市,九龙坡区,,3.8
B0M677ZDDF,鲁轩画材(黄桷坪店),黄桷坪正街(四川美术学院地铁站4号口步行60米),19112038184,106.543031,29.489202,,,442128.8425576437,3262335.401292246,060800,购物服务;文化用品店;文化用品店,重庆市,重庆市,九龙坡区,,3.6
B0FFGY6C3I,黄桷坪菜市场(龙隐花苑店),黄桷坪街道黄桷坪正街搬运西村3号黄桷花园,023-68516497;15998920432,106.542513,29.490837,,,442079.5574250775,3262516.821356772,060705,购物服务;综合市场;蔬菜市场,重庆市,重庆市,九龙坡区,,4.0
B0G127MQGM,易可购超市(志龙·观江岭店),杨九路管家林11号附13号,13658251496,106.534774,29.497521,,,441333.1984160938,3263261.3039807216,060400,购物服务;超级市场;超市,重庆市,重庆市,九龙坡区,,3.6
B001786TSP,江苏炒货(黄桷坪店),黄桷坪街4号附3号(福星楼西北),13638320444,106.54282,29.489783,,,442108.7184303886,3262399.8825785676,060704,购物服务;综合市场;果品市场,重庆市,重庆市,九龙坡区,,3.6
B0JR7LHYJP,freefall艺术商店,黄桷坪街5号附8号(四川美术学院地铁站4号口旁),15608028239,106.543088,29.489322,,,442134.4363603456,3262348.669271253,060000,购物服务;购物相关场所;购物相关场所,重庆市,重庆市,九龙坡区,,4.0
B0GU71NVBW,LAWSON罗森(黄桷坪店),新建路3号(四川美术学院地铁站4号口旁),023-68675530,106.543182,29.489805,,,442143.823195955,3262402.1402286943,060200,购物服务;便民商店/便利店;便民商店/便利店,重庆市,重庆市,九龙坡区,,4.1
B001792SH0,笔啸轩美术用品店(黄桷坪店),黄桷坪正街213号附6号,17783991297,106.543317,29.487887,,,442155.8205595569,3262189.5536327497,060800,购物服务;文化用品店;文化用品店,重庆市,重庆市,九龙坡区,,3.7
B0JD6M17I4,菲林好玩(黄正街社区店),黄桷坪街9号附1号(四川美术学院地铁站4号口步行170米),17783850623,106.543683,29.488583,,,442191.6963592303,3262266.4904330866,060000,购物服务;购物相关场所;购物相关场所,重庆市,重庆市,九龙坡区,,4.4
B0FFIR423K,地弹簧拉手批发,龙江支路商住楼1号附1号(滩子口地铁站2A口步行380米),18202381141,106.526094,29.497286,,,440491.68513888045,3263239.673095214,060603,购物服务;家居建材市场;建材五金市场,重庆市,重庆市,九龙坡区,,3.7
B0HUD5KIKF,白雪美术用品批发部(福星楼店),黄桷坪街8号附2号(四川美术学院地铁站4号口步行100米),18375858383,106.543412,29.488699,,,442165.4912054103,3262279.4781717393,060800,购物服务;文化用品店;文化用品店,重庆市,重庆市,九龙坡区,,3.9
B0G3LDHSND,中国移动5G营业厅,黄桷坪正街8号福星楼附6号,15923274688;15923274689,106.543422,29.48878,,,442166.50661941536,3262288.44821758,060305|070603,购物服务;家电电子卖场;手机销售|生活服务;电讯营业厅;中国移动营业厅,重庆市,重庆市,九龙坡区,,4.3
B0FFF2IOE9,青竹画材(福星楼店),黄桷坪街8号附6号(四川美术学院地铁站4号口步行90米),13508339665;13658341888,106.543439,29.488873,,,442168.20743308315,3262298.744417222,060800,购物服务;文化用品店;文化用品店,重庆市,重庆市,九龙坡区,,3.7
B0FFIZR9KA,金田便利超市,福星楼8号附7号(四川美术学院地铁站4号口步行90米),023-68604655,106.543425,29.488875,,,442166.85139748437,3262298.9729790348,060200,购物服务;便民商店/便利店;便民商店/便利店,重庆市,重庆市,九龙坡区,,3.1
B0FFF03KHI,源来玻璃深加工,九龙八村1号附15号(滩子口地铁站2A口步行380米),13638377045,106.525589,29.497232,,,440442.7023925992,3263233.9481106014,060603,购物服务;家居建材市场;建材五金市场,重庆市,重庆市,九龙坡区,,3.6
B0LAV52CIO,玩子中古屋,黄桷坪街9号附2号(四川美术学院地铁站4号口步行170米),17783850623,106.543677,29.488609,,,442191.12947303685,3262269.3742820295,061200,购物服务;专卖店;专营店,重庆市,重庆市,九龙坡区,,4.0
B0FFLP79JZ,建勇门窗,黄桷坪街道滩子口正街17号,13452972779,106.52575,29.497371,,,440458.3899156112,3263249.267328559,060603,购物服务;家居建材市场;建材五金市场,重庆市,重庆市,九龙坡区,,3.6
B0JG9L9I8Q,不名曰·蝴蝶手作DIY(黄正街社区店),黄桷坪正街9号1楼5号,17623201808,106.543692,29.488671,,,442192.6187860874,3262276.2365960283,060000,购物服务;购物相关场所;购物相关场所,重庆市,重庆市,九龙坡区,,4.0
B0G1SS8Q95,富华不锈钢门窗,天祥苑(滩子口地铁站2A口步行370米),13983410148,106.526148,29.497675,,,440497.1469121797,3263282.7478386634,060603,购物服务;家居建材市场;建材五金市场,重庆市,重庆市,九龙坡区,,3.4
B0FFGSU2OJ,成达电脑照相复印(滩子口店),滩子口71号附1号(滩子口地铁站2A口步行300米),[],106.526638,29.498066,,,440544.8722674231,3263325.821325533,060306|070000,购物服务;家电电子卖场;数码电子|生活服务;生活服务场所;生活服务场所,重庆市,重庆市,九龙坡区,,4.1
B0J2VH9ACP,优客家便利店(天祥苑店),黄桷坪街道滩子口72号天祥苑第1层门面9号,13271893562,106.526004,29.497808,,,440483.2663826703,3263297.5582839167,060200,购物服务;便民商店/便利店;便民商店/便利店,重庆市,重庆市,九龙坡区,,3.6
B0LDUUFM9Q,好又多超市滩子口店,滩子口71号附3号(滩子口地铁站2A口步行280米),[],106.52652,29.4982,,,440533.51254983485,3263340.7292273585,060400,购物服务;超级市场;超市,重庆市,重庆市,九龙坡区,,4.1
B0H3JA1VMJ,军哥书屋(防空洞店),黄桷坪街道铁路五村(四川美术学院地铁站2号口步行110米),13508392488,106.545058,29.487913,,,442324.6108781457,3262191.570523831,061205,购物服务;专卖店;书店,重庆市,重庆市,九龙坡区,,4.7
B0FFIR8I2V,齐恩超市(黄桷坪店),铁路四村12号附10号,18580030056,106.544059,29.490845,,,442229.4295853007,3262516.939361896,060000,购物服务;购物相关场所;购物相关场所,重庆市,重庆市,九龙坡区,,3.7
B0FFHCL3GF,果香源平价超市(天河名港店),滩子口49-70号天河名港,13350368417,106.526499,29.498893,,,440531.8818558705,3263417.5264349896,060200,购物服务;便民商店/便利店;便民商店/便利店,重庆市,重庆市,九龙坡区,,3.5
B0L12UUPDY,凤梧超市(滩子口店),滩子口101号田野小区(滩子口地铁站2A口步行170米),[],106.525154,29.498894,,,440401.5096503066,3263418.3254291737,060200,购物服务;便民商店/便利店;便民商店/便利店,重庆市,重庆市,九龙坡区,,3.7
B00170I3C1,正雅烟酒便利店,田野小区北门旁(滩子口地铁站2A口步行200米),18523838050;18723336956,106.524903,29.498914,,,440377.1915717998,3263420.670084642,060200,购物服务;便民商店/便利店;便民商店/便利店,重庆市,重庆市,九龙坡区,,3.8
B0GRVZT9A7,五洲书店,滩子口118号五洲世纪中心,023-68856868,106.523093,29.498654,,,440201.59291703167,3263392.7901695897,061205,购物服务;专卖店;书店,重庆市,重庆市,九龙坡区,,4.6
B0K0KUD3XK,小天才电话手表(九龙坡区滩子口五洲书店一楼),西子路202号五洲书店一楼树根AI学习硬件,[],106.522833,29.497949,,,440175.97632622597,3263314.8076867894,060000,购物服务;购物相关场所;购物相关场所,重庆市,重庆市,九龙坡区,,3.5
B0K1B7SKUM,美国汉仕国际艺术涂料,南站货运大楼正对面,13696494422,106.545303,29.48402,,,442346.15772297623,3261760.094671417,060603,购物服务;家居建材市场;建材五金市场,重庆市,重庆市,九龙坡区,,3.3
B0FFF2U63Z,奇美铝业(和信公寓店),滩子口182号(滩子口地铁站2A口步行320米),15223316433,106.52386,29.498991,,,440276.13726398745,3263429.736841783,060603,购物服务;家居建材市场;建材五金市场,重庆市,重庆市,九龙坡区,,3.8
B0L66DKT9I,小米之家(九龙坡区五洲书店专卖店),杨家坪街道五洲书店,023-68603706,106.523093,29.498654,,,440201.59291703167,3263392.7901695897,060305,购物服务;家电电子卖场;手机销售,重庆市,重庆市,九龙坡区,,3.8
B0IAJL31SV,铝王铝业(和信公寓店),田野小区北门西80米(滩子口地铁站2A口步行290米),13883443120,106.523937,29.498984,,,440283.5968724922,3263428.9216985027,060603,购物服务;家居建材市场;建材五金市场,重庆市,重庆市,九龙坡区,,3.7
B0L2OAVRQP,徐满仓超市,滩子口118号五洲书店LG层(滩子口地铁站2A口步行380米),[],106.523292,29.499034,,,440221.10549935146,3263434.793064442,060200,购物服务;便民商店/便利店;便民商店/便利店,重庆市,重庆市,九龙坡区,,4.3
B0FFJ4EPJR,心悦便利店(晋愉·九龙湾店),铁路一村28号附27号(滩子口地铁站1号口步行480米),19112825251,106.530126,29.501903,,,440885.2003882878,3263749.1951203574,060200,购物服务;便民商店/便利店;便民商店/便利店,重庆市,重庆市,九龙坡区,,3.6
B0FFKS9ZSN,芙蓉兴盛便利超市·奕格(西子路店),杨家坪新华7村202号附74号,18580128535,106.519731,29.49777,,,439875.18633635866,3263296.572842429,060200,购物服务;便民商店/便利店;便民商店/便利店,重庆市,重庆市,九龙坡区,,3.9
B0017948FD,月红生鲜连锁超市(九龙湾分店),晋愉·九龙湾东北门旁,15223220806,106.530131,29.502154,,,440885.8308233289,3263777.004135886,060200,购物服务;便民商店/便利店;便民商店/便利店,重庆市,重庆市,九龙坡区,,3.4
B0FFKI4DS5,味谷客秀生活超市(新华春天店),杨家坪西子路新华春天A6栋,18083021608;19112769854,106.519284,29.498176,,,439832.0974645358,3263341.7899485617,060400,购物服务;超级市场;超市,重庆市,重庆市,九龙坡区,,4.0
B001797G38,彬华批发超市(福星·颐美华庭店),天兴路49号附11号,15723205879,106.523245,29.50164,,,440218.0804240526,3263723.569983263,060200,购物服务;便民商店/便利店;便民商店/便利店,重庆市,重庆市,九龙坡区,,4.1
B0FFJ2N387,融汇江山5D商业街,巴滨路与峡谷路交叉口东南120米,[],106.521449,29.474577,,,440028.05983087304,3260725.8359524123,061000,购物服务;特色商业街;特色商业街,重庆市,重庆市,巴南区,,3.5
B0HRPZ3DI1,百果园(重庆融汇半岛店),李家沱街道融汇大道66号附22号,13308397538,106.519377,29.473899,,,439826.7693934614,3260651.78071297,060704,购物服务;综合市场;果品市场,重庆市,重庆市,巴南区,,3.8
B0FFKLEELQ,谊品生鲜(融汇半岛五园湾B区店),李家沱融汇大道5号附46、47、48、50号,15523215198;4008085898,106.519179,29.473348,,,439807.24673658045,3260590.830782355,060703,购物服务;综合市场;农副产品市场,重庆市,重庆市,巴南区,,4.1
B0FFIBDNJQ,芙蓉兴盛便利超市(佳锦园店),天兴路6号附8号,15882949833,106.526874,29.505146,,,440571.88257231255,3264110.186282195,060200,购物服务;便民商店/便利店;便民商店/便利店,重庆市,重庆市,九龙坡区,,3.9
B001786RZG,路点酒吧,直港大道48号附9号,18602338533,106.53004,29.505769,,,440879.1105459458,3264177.603386107,080304|061100,体育休闲服务;娱乐场所;酒吧|购物服务;服装鞋帽皮具店;服装鞋帽皮具店,重庆市,重庆市,九龙坡区,,4.2
B0L2YCX0WB,LULUZOU H SHOP(九龙坡D10店),西子路51号,13983457081,106.518004,29.502051,,,439710.3196590867,3263771.814588881,060000,购物服务;购物相关场所;购物相关场所,重庆市,重庆市,九龙坡区,,4.5
B0JG5H1F8A,畅鲜果蔬,融汇大道5号5栋附11号,15922663451,106.518199,29.473362,,,439712.2383059402,3260592.889008004,060704,购物服务;综合市场;果品市场,重庆市,重庆市,巴南区,,3.7
B0JU6HZJT8,重庆·黑珍珠,杨家坪正街4号,18996121272,106.518461,29.503055,,,439755.21032629156,3263882.8242095243,061202,购物服务;专卖店;珠宝首饰工艺品,重庆市,重庆市,九龙坡区,,[]
B001792AEJ,利霞五金建材(融汇半岛五园湾B区店),融汇大道5号融汇半岛五园湾B区,13098782361,106.518085,29.472674,,,439700.77819242503,3260516.715803023,060603,购物服务;家居建材市场;建材五金市场,重庆市,重庆市,巴南区,,3.8
B00170J9AM,融汇西流沱,李家沱汇北路,023-62298809,106.512749,29.476769,,,439185.86258266144,3260973.22806733,061000,购物服务;特色商业街;特色商业街,重庆市,重庆市,巴南区,,4.1
B0LUYDDLPU,重庆沐然优选商贸有限公司,杨家坪街道天宝路118号-1-c号,17815197971,106.52865,29.506764,,,440744.96441119723,3264288.5597121427,060000,购物服务;购物相关场所;购物相关场所,重庆市,重庆市,九龙坡区,,[]
B0L3XC1XJQ,星之福防火门防盗门木门厂家直营,珠江花园南区东门西90米,19122928017;19332239625,106.529013,29.506877,,,440780.213558982,3264300.895606223,060603,购物服务;家居建材市场;建材五金市场,重庆市,重庆市,九龙坡区,,3.6
B0FFFS37QA,振兴五金建材(天宝路店),直港大道28号附33号,13452159653,106.526789,29.506746,,,440564.5784671385,3264287.514688695,060603,购物服务;家居建材市场;建材五金市场,重庆市,重庆市,九龙坡区,,3.8
B0FFJNOU29,重庆九龙坡印象汇,杨家坪西郊三村2号(动物园地铁站2号口步行280米),023-86638086,106.512284,29.500433,,,439154.9211385121,3263595.512863009,060102,购物服务;商场;普通商场,重庆市,重庆市,九龙坡区,,4.6
B0FFIDSL2U,毛线沟蔬菜批发市场,祥和如意居北3门东60米(动物园地铁站2号口步行360米),023-68419414;13996669999,106.509819,29.497122,,,438914.001359002,3263229.9351805714,060703|060705,购物服务;综合市场;农副产品市场|购物服务;综合市场;蔬菜市场,重庆市,重庆市,九龙坡区,,4.4
B0FFH6LPF4,九龙坡蔬菜批发市场,杨渡村138号(动物园地铁站2号口步行450米),19282578946,106.509766,29.497001,,,438908.79127666313,3263216.5558245447,060703|060705,购物服务;综合市场;农副产品市场|购物服务;综合市场;蔬菜市场,重庆市,重庆市,九龙坡区,,4.2
B0HB7R1UAG,良品铺子(重庆九龙坡印象汇店),西子路杨家坪西郊三村2号九龙坡印象汇01-29-31,4001177517,106.512298,29.499742,,,439155.8650827194,3263518.94054859,061200,购物服务;专卖店;专营店,重庆市,重庆市,九龙坡区,,3.8
B0FFFWHJ3Z,美利达自行车(重庆李家沱店),马王坪正街70号附12号,15923319915,106.529964,29.466976,,,440849.2162633962,3259879.270695952,061208,购物服务;专卖店;自行车专卖店,重庆市,重庆市,巴南区,,4.2
B0G1S7AR2B,新世纪超市(重庆九龙坡印象汇店),九龙坡区杨家坪西郊三村2号印象汇2楼(动物园正对面),023-86823308,106.512229,29.500296,,,439149.50807490473,3263580.3615919244,060102|060400,购物服务;商场;普通商场|购物服务;超级市场;超市,重庆市,重庆市,九龙坡区,,4.3
B0J30U99TL,XDS喜德盛自行车(李家沱专卖店),李家沱街道桥南村8幢商7号,13228658318,106.529938,29.466999,,,440846.7086060823,3259881.8323571025,061208,购物服务;专卖店;自行车专卖店,重庆市,重庆市,巴南区,,4.3
B0JGFZJ1LB,户外陶瓷解忧杂货店,李家沱融汇半岛西流沱古镇243号附7号2-5,15223423704;17338336797,106.511694,29.476282,,,439083.28635651374,3260919.8186176573,060000,购物服务;购物相关场所;购物相关场所,重庆市,重庆市,巴南区,,3.6
B0FFHB7D6R,金果源(直港大道店),直港大道30号附10-11号,023-68432133,106.52699,29.507883,,,440584.7241141271,3264413.3951671897,060704,购物服务;综合市场;果品市场,重庆市,重庆市,九龙坡区,,3.5
B0FFHMVJ30,双华便利店(珠江花园北区店),珠江医院南门旁,023-68403253;15310828883,106.52828,29.508153,,,440709.9119407419,3264442.653782442,060200,购物服务;便民商店/便利店;便民商店/便利店,重庆市,重庆市,九龙坡区,,3.8
B00178XJRP,LAWSON罗森(珠江花园三店),珠江花园199号,[],106.528102,29.508196,,,440692.6847821462,3264447.5090608504,060200,购物服务;便民商店/便利店;便民商店/便利店,重庆市,重庆市,九龙坡区,,3.9
B00178367Q,宝岛眼镜(杨家坪印象汇店),杨家坪西郊三村2号2层02-31号,023-68780653,106.511921,29.499884,,,439119.40712162433,3263534.87180959,061204,购物服务;专卖店;眼镜店,重庆市,重庆市,九龙坡区,,3.7
B0G0A7X9UN,重庆代国脚手架围挡,滩子口44号3-2-1号,13608368344,106.509967,29.497616,,,438928.64386789664,3263284.5942503833,060603,购物服务;家居建材市场;建材五金市场,重庆市,重庆市,九龙坡区,,4.0
B0LALUAUEY,谊品生鲜24小时折扣店,直港大道珠江花园1栋43号,13330320240,106.527422,29.508311,,,440626.84454604314,3264460.598326716,060703,购物服务;综合市场;农副产品市场,重庆市,重庆市,九龙坡区,,3.6
B0JGRZ2HL5,蒲公英(动物园店),杨家坪西郊三村2号印象汇01层47号,15102327317,106.511942,29.500735,,,439121.9516816247,3263629.1543284366,061100|050000,购物服务;服装鞋帽皮具店;服装鞋帽皮具店|餐饮服务;餐饮相关场所;餐饮相关,重庆市,重庆市,九龙坡区,,4.3
B0HU77Z2ZL,小米之家(九龙坡区印象汇专卖店),杨家坪街道重庆重庆市九龙坡区西郊路29号(印象汇小米之家),023-68493156,106.51204,29.500672,,,439131.41312665655,3263622.122452693,060305,购物服务;家电电子卖场;手机销售,重庆市,重庆市,九龙坡区,,3.8
B0FFGZY3FB,重庆中迪广场,杨家坪正街68号(杨家坪地铁站7号口步行100米),023-68789999,106.516585,29.505666,,,439574.92461849423,3264173.104307,060100,购物服务;商场;商场,重庆市,重庆市,九龙坡区,,4.5
B00178XDIR,天友生活(金都店),直港大道26号附16号,15215138886,106.525359,29.508321,,,440426.89935234725,3264462.76116528,060703,购物服务;综合市场;农副产品市场,重庆市,重庆市,九龙坡区,,3.7
B0KAX7ETAP,元祖食品(融汇半岛店),李家沱街道融汇大道277号(玫瑰公馆1号门旁),13101356019,106.513647,29.472558,,,439270.4161122937,3260506.169022017,060000,购物服务;购物相关场所;购物相关场所,重庆市,重庆市,巴南区,,4.1
B0FFIJWI91,谊品生鲜折扣店(融汇大道店),融汇大道11号靠近融汇半岛·玫瑰公馆,15826171250;15922839167,106.513315,29.473136,,,439238.5711853687,3260570.386182808,060703,购物服务;综合市场;农副产品市场,重庆市,重庆市,巴南区,,3.6
B0FFHCZCLA,中国电信(融汇半岛指定营业厅),融汇大道7号,18996080813,106.514275,29.472175,,,439331.0768359714,3260463.404236193,060305|070601,购物服务;家电电子卖场;手机销售|生活服务;电讯营业厅;中国电信营业厅,重庆市,重庆市,巴南区,,4.4
B0H04HBMY1,杨家坪动物园广夏经典逸民超市,杨家坪街道西郊路28号1栋1层11号,15808019890,106.510531,29.49924,,,438984.2874759083,3263464.242699509,060200,购物服务;便民商店/便利店;便民商店/便利店,重庆市,重庆市,九龙坡区,,3.8
B0L0NMR633,凤梧超市(玫瑰公馆店),融汇大道11号,[],106.513318,29.473136,,,439238.86205362075,3260570.384617388,060200,购物服务;便民商店/便利店;便民商店/便利店,重庆市,重庆市,巴南区,,3.9
B0FFHFT03C,义乌小商品超市(典雅苑店),马王坪正街25号附1号,[],106.536731,29.466341,,,441504.9920218889,3259805.4934536675,060701|060400,购物服务;综合市场;小商品市场|购物服务;超级市场;超市,重庆市,重庆市,巴南区,,3.9
B0H0D79S0X,天福茗茶(直港大道店 ),杨家坪直港大道15号2-3号,023-68428813,106.524996,29.508646,,,440391.90689894214,3264498.958164767,061200,购物服务;专卖店;专营店,重庆市,重庆市,九龙坡区,,4.4
B0FFG8VE4X,齐恩超市(爱窝店),李家沱融汇大道7号融汇半岛7期5栋1号楼,18580030056,106.514489,29.471455,,,439351.3970965869,3260383.5148292803,060400,购物服务;超级市场;超市,重庆市,重庆市,巴南区,,4.0
B0JU5UFWIO,金渝超市(马王坪店),李家沱马王坪正街81号,023-66211986,106.535255,29.465868,,,441361.6034861686,3259753.826142774,060200,购物服务;便民商店/便利店;便民商店/便利店,重庆市,重庆市,巴南区,,4.3
B0K17XQU8D,誉多批发部(马王坪正街店),李家沱派出所三角碑治安岗亭西侧60米,13350352889,106.533138,29.465924,,,441156.3655641835,3259761.0987678883,060200,购物服务;便民商店/便利店;便民商店/便利店,重庆市,重庆市,巴南区,,3.5
B0H135L026,金渝超市(融汇店),李家沱街道融汇大道259号,023-62335858,106.51357,29.471681,,,439262.42770045565,3260409.035214842,060400,购物服务;超级市场;超市,重庆市,重庆市,巴南区,,4.4
B0LDPC00ZI,优贝儿童青少年自行车(巴南店),李渡路79号附21号,18680886675,106.545552,29.469519,,,442362.09371249715,3260153.2252873383,060000,购物服务;购物相关场所;购物相关场所,重庆市,重庆市,巴南区,,3.8
B0FFKHO56Q,盒马鲜生(杨家坪店),杨家坪正街68号附85号中迪广场G2层,023-68531925,106.515889,29.505924,,,439507.6181371022,3264202.0532720815,060000,购物服务;购物相关场所;购物相关场所,重庆市,重庆市,九龙坡区,,4.6
B0LKYZ34XC,泰山石膏板轻钢龙骨阻燃板批发,西郊路31号,18501444780,106.51066,29.500397,,,438997.4850578217,3263592.3743446167,060603,购物服务;家居建材市场;建材五金市场,重庆市,重庆市,九龙坡区,,3.2
B0FFG9MYB2,嘉禾农贸市场(直港店),杨家坪直港大道26号1栋,13072318756,106.524503,29.508981,,,440344.32069318113,3264536.3299772693,060703,购物服务;综合市场;农副产品市场,重庆市,重庆市,九龙坡区,,4.0
B0FFL5CN8Z,巴南鸿宇二手厨具市场(东邦·小悦湾店),东邦小悦湾,13883062927;17702300321,106.546817,29.469726,,,442484.8639510999,3260175.535949648,060702,购物服务;综合市场;旧货市场,重庆市,重庆市,巴南区,,4.4
B0FFH0DT77,凤梧便利(三角碑店),马王坪正街32号,[],106.534453,29.465775,,,441283.7857479123,3259743.9255654686,060200,购物服务;便民商店/便利店;便民商店/便利店,重庆市,重庆市,巴南区,,4.0
B0K2OC7KBC,瑞豹运动自行车(巴南店),东邦·小悦湾一期,18680886675,106.545599,29.469224,,,442366.4839618332,3260120.515345088,061208,购物服务;专卖店;自行车专卖店,重庆市,重庆市,巴南区,,4.1
B0G265MRYJ,金域学府万科生活汇(中航万科金域学府翰江1期店),南滨西路33号,023-63025111;023-67088666,106.556138,29.493029,,,443401.5684442047,3262752.9970439714,060000,购物服务;购物相关场所;购物相关场所,重庆市,重庆市,南岸区,,3.4
B0JK3AF8B9,凤凰自行车(博雅商城店),巴南区李家沱马王坪正街立丹大厦二楼(凤梧超市二楼),13224043595,106.538754,29.466397,,,441701.1788261894,3259810.6840634965,061208,购物服务;专卖店;自行车专卖店,重庆市,重庆市,巴南区,,3.9
B0FFGW4RKN,马王坪菜市场,立丹大厦东门西50米,023-62869241;17353158730,106.538708,29.465849,,,441696.4050850151,3259749.987413217,060705,购物服务;综合市场;蔬菜市场,重庆市,重庆市,巴南区,,4.3
B00170I4ZF,博雅商城,马王坪正街与马王坪后街交叉口东南60米,[],106.538791,29.46619,,,441704.64803334296,3259787.729460998,060102,购物服务;商场;普通商场,重庆市,重庆市,巴南区,,3.5
B0H0ACTUP8,捷安特自行车(南滨西路店),南滨西路35号附9号,18983280851;19908390916,106.556924,29.490936,,,443476.5987917984,3262520.705256913,060900,购物服务;体育用品店;体育用品店,重庆市,重庆市,南岸区,,4.2
B0FFKV97AJ,视野联行眼镜全国连锁(重庆杨家坪店),杨家坪店中迪广场4栋20层2号,17318414718;18580417815,106.515804,29.505913,,,439499.3729854402,3264200.8786415,061204,购物服务;专卖店;眼镜店,重庆市,重庆市,九龙坡区,,4.3
B0L2A52624,凤梧超市(立丹店),博雅商城北门旁,[],106.538775,29.466275,,,441703.1452521447,3259797.1556675257,060200,购物服务;便民商店/便利店;便民商店/便利店,重庆市,重庆市,巴南区,,3.8
B0H0MAIS56,中国移动(强胜指定专营店),仙桃街道泰宁路3号附7号,[],106.539194,29.466204,,,441743.7319034296,3259789.0790516916,070603|060305,生活服务;电讯营业厅;中国移动营业厅|购物服务;家电电子卖场;手机销售,重庆市,重庆市,巴南区,,4.1
B0LUGXRVFM,杨家坪冻库,重庆市九龙坡区谢家湾街道谢家湾民主三村,023-68888388,106.525204,29.509687,,,440412.6763891968,3264614.197703759,170200|060000,公司企业;公司;公司|购物服务;购物相关场所;购物相关场所,重庆市,重庆市,九龙坡区,,4.0
B0J03U6963,中国电信(中迪广场店),"杨正街68号1栋附333号,3栋大门口",18100877328,106.515825,29.506075,,,439501.5047237431,3264218.8178433427,060305,购物服务;家电电子卖场;手机销售,重庆市,重庆市,九龙坡区,,3.9
B0FFFZKREZ,爱客超市(心巢御园店),西郊路59号附1号,[],106.50755,29.497434,,,438694.2476231584,3263265.699106197,060200,购物服务;便民商店/便利店;便民商店/便利店,重庆市,重庆市,九龙坡区,,4.1
B0I64SQRVJ,重庆李家沱大融城(暂停营业),李渡路与群乐路交叉口北200米,18523904390,106.544509,29.467246,,,442259.6774475923,3259901.8883060776,060101,购物服务;商场;购物中心,重庆市,重庆市,巴南区,,4.3
B0JRR5QYRX,快易通(寄卖行)二手奢侈品回收营业点,快易通寄卖行马王坪正街,17119867979,106.540773,29.466287,,,441896.88289539726,3259797.4868901805,061300|070000,购物服务;特殊买卖场所;特殊买卖场所|生活服务;生活服务场所;生活服务场所,重庆市,重庆市,巴南区,,3.6
B0KA7A23TY,美的智慧家(重庆优乐装饰总部店),锦龙路西城映画2层优乐装饰,13883903369,106.508058,29.498948,,,438744.40071393596,3263433.187588067,060000,购物服务;购物相关场所;购物相关场所,重庆市,重庆市,九龙坡区,,3.6
B0JDMM0FAU,LAWSON罗森(九龙明珠店),西郊路33号(动物园地铁站1号口旁),18323451434,106.508979,29.500254,,,438834.45951574546,3263577.4120432683,060200,购物服务;便民商店/便利店;便民商店/便利店,重庆市,重庆市,九龙坡区,,4.0
B0GKV94V0G,泉源堂(融汇半岛艾德公馆店),李家沱融汇大道5号融汇半岛艾德公馆,023-62971949;19908393475,106.513779,29.470275,,,439281.85404906515,3260253.1376577,061201,购物服务;专卖店;古玩字画店,重庆市,重庆市,巴南区,,3.7
B0I0NS9FPF,龙玺超市(中建龙玺台店),杨渡村中建龙玺台5号附15号,15213408845,106.505428,29.493149,,,438485.9665487897,3262792.0274311695,060200,购物服务;便民商店/便利店;便民商店/便利店,重庆市,重庆市,大渡口区,,4.2
B0G3LCI2XJ,万家兴达重庆市场部,南滨西路35号附9号二楼,023-62530976;19922295553,106.557595,29.49077,,,443541.5526350963,3262501.986334503,060400|170000,购物服务;超级市场;超市|公司企业;公司企业;公司企业,重庆市,重庆市,南岸区,,3.8
B001786WHV,巴南李家沱新华书店,李家沱马王坪正街12号东南亚商厦,13983466468;15803005300,106.540767,29.465892,,,441896.07594000024,3259753.7229720354,061205,购物服务;专卖店;书店,重庆市,重庆市,巴南区,,4.1
B0K31YNMFJ,蒂格门窗超市(融汇半岛江上公馆A区店),汇北路4号附6号江上公馆客服旁,18381940109,106.509525,29.473975,,,438871.61091023247,3260665.3333370225,060603,购物服务;家居建材市场;建材五金市场,重庆市,重庆市,巴南区,,3.8
B0L6NM41O8,好想来零食乐园(重庆九龙坡区西郊路店),杨家坪街道西郊路24巷27号附7号,4000107777,106.513113,29.50502,,,439238.01494756015,3264103.3339256253,061200,购物服务;专卖店;专营店,重庆市,重庆市,九龙坡区,,4.3
B0FFIOWOOU,三夫人优选超市(杨家坪西郊店),西郊路24巷25号阳光馨苑,17353154798,106.513107,29.505135,,,439237.5020617774,3264116.079432995,060200|060400,购物服务;便民商店/便利店;便民商店/便利店|购物服务;超级市场;超市,重庆市,重庆市,九龙坡区,,4.1
B0FFHRWIXH,远鸿五金建材(西郊路24巷),西郊路17号四季花园(杨家坪地铁站2号口步行290米),15802397005,106.513426,29.505331,,,439268.5383097415,3264137.630287514,060603,购物服务;家居建材市场;建材五金市场,重庆市,重庆市,九龙坡区,,3.9
B0IGJZM2EX,重庆都成万禾汽车服务有限公司,西郊路37号(动物园地铁站2号口步行340米),023-68784499,106.507244,29.498341,,,438665.1326525569,3263366.358866066,033100|010000|020000|060000,汽车维修;长安汽车维修;长安汽车维修|汽车服务;汽车服务相关;汽车服务相关|汽车销售;汽车销售;汽车销售|购物服务;购物相关场所;购物相关场所,重庆市,重庆市,九龙坡区,,4.4
B0KRVLLPX6,华为授权体验店(都和广场),李家沱林荫村18号1-1号都和广场YM-1号房屋,023-62415946,106.542285,29.465906,,,442043.2732973624,3259754.517876528,060305,购物服务;家电电子卖场;手机销售,重庆市,重庆市,巴南区,,4.2
B001788DJW,永辉超市(巴南区都和广场店),李家沱林荫村18号都和广场负一楼永辉超市内自助收银机旁,4000601933,106.541841,29.465428,,,441999.9498555131,3259701.7754022432,060400,购物服务;超级市场;超市,重庆市,重庆市,巴南区,,4.5
B0L1NLWJEI,京东家电,融汇大道217号,17723658985;18680712636,106.514613,29.46908,,,439362.006626067,3260120.2939443905,060300,购物服务;家电电子卖场;家电电子卖场,重庆市,重庆市,巴南区,,3.9
B0JAFMGGHO,冯氏开锁换锁疏通管道(都市桃源店),杨家坪街道西郊路19号附2号,13628217791;15823115021,106.514864,29.506468,,,439408.59410383523,3264262.8636992495,060000,购物服务;购物相关场所;购物相关场所,重庆市,重庆市,九龙坡区,,4.0
B0J1OACWIV,美宜佳(重庆中迪广场店),中迪广场2号门(杨家坪地铁站7号口步行80米),19112927798,106.515422,29.506912,,,439462.9420339783,3264311.7698184047,060000,购物服务;购物相关场所;购物相关场所,重庆市,重庆市,九龙坡区,,4.0
B00170KWS1,京东MALL(重庆杨家坪店),西郊路3号(杨家坪地铁站2号口旁),023-67865533,106.514691,29.507787,,,439392.6118527311,3264409.103328838,060102,购物服务;商场;普通商场,重庆市,重庆市,九龙坡区,,4.8
B0HAKOLIGK,中国联通智慧生活馆(巴南驰达营业厅),马王坪正街2-3号,[],106.542801,29.465794,,,442093.24241329305,3259741.8513662172,070604|060305,生活服务;电讯营业厅;中国联通营业厅|购物服务;家电电子卖场;手机销售,重庆市,重庆市,巴南区,,4.5
B0FFK9LLZ5,义乌超市(杨家坪店),杨家坪西郊路19号(杨家坪地铁站2号口步行100米),[],106.513746,29.506591,,,439300.3060688756,3264277.0753687653,060400,购物服务;超级市场;超市,重庆市,重庆市,九龙坡区,,4.1
B0L6PS9VID,零食很忙(重庆九龙坡杨家坪西郊路店),西郊路19号(杨家坪地铁站2号口步行120米),4009998082,106.514516,29.506923,,,439375.1355274229,3264313.460499468,061200,购物服务;专卖店;专营店,重庆市,重庆市,九龙坡区,,4.3
B0H6RH8EEW,开锁刻章配钥匙,马王坪正街2号(明鑫苑电信旁),[],106.542899,29.465824,,,442102.76180837426,3259745.1267152894,060200|070000,购物服务;便民商店/便利店;便民商店/便利店|生活服务;生活服务场所;生活服务场所,重庆市,重庆市,巴南区,,4.4
B0FFJJ74ZR,正升·百老汇广场,复兴路与高进支路交叉口北80米,13650525658,106.514691,29.507787,,,439392.6118527311,3264409.103328838,060101|061000,购物服务;商场;购物中心|购物服务;特色商业街;特色商业街,重庆市,重庆市,九龙坡区,,4.4
B0IDRCRQ1R,蜜果便利店,杨渡村5号附8号,18883908435,106.504716,29.494507,,,438417.768779923,3262942.8746880144,060200,购物服务;便民商店/便利店;便民商店/便利店,重庆市,重庆市,九龙坡区,,4.0
B0J3ZUXSRA,条马批发部(星河港都店),直港大道a1号,[],106.519889,29.509604,,,439897.4912223279,3264607.735685917,060000,购物服务;购物相关场所;购物相关场所,重庆市,重庆市,九龙坡区,,3.7
B0FFF5V33T,中国电信(明鑫园店),明鑫园南门旁,17383008151,106.542833,29.465769,,,442096.33101997065,3259739.0653999695,060305,购物服务;家电电子卖场;手机销售,重庆市,重庆市,巴南区,,4.0
B0FFHX40Y2,重百(李家沱商场),李家沱林荫村18号,023-62858744;023-62858962,106.541859,29.46452,,,442001.1785214573,3259601.1579709565,060101,购物服务;商场;购物中心,重庆市,重庆市,巴南区,,4.6
B0KKVBYS0F,百年商场(李家沱正街店),李家沱正街160号附4号(一城百年广场),[],106.542642,29.465122,,,442077.44344202435,3259667.471297586,060000,购物服务;购物相关场所;购物相关场所,重庆市,重庆市,巴南区,,3.9
B0HK9534E0,都和商场(李家沱店),李家沱326车站旁,023-62850666,106.541275,29.464822,,,441944.72354608413,3259634.911202599,060102,购物服务;商场;普通商场,重庆市,重庆市,巴南区,,3.8
B00170373E,光彩商场,李家沱正街160号,[],106.542693,29.465067,,,442082.35732454195,3259661.351811367,060102,购物服务;商场;普通商场,重庆市,重庆市,巴南区,,3.8
B0LRSM3X4T,大洋百货(重庆店),杨家坪西郊路3号(杨家坪地铁站2号口步行90米),[],106.514117,29.50727,,,439336.6697689735,3264352.117250226,060102|060101,购物服务;商场;普通商场|购物服务;商场;购物中心,重庆市,重庆市,九龙坡区,,4.4
B0J17CI215,巴南衣聚汇服装批发城(百年商场店),李家沱正街160号,[],106.542573,29.465461,,,442070.94563466473,3259705.0675847107,061100,购物服务;服装鞋帽皮具店;服装鞋帽皮具店,重庆市,重庆市,巴南区,,4.1
B0KAFCHRRA,机械革命官方体验店(重庆杨家坪京东MALL),杨家坪街道京东MALL二层机械革命门店,18323137144,106.514967,29.507727,,,439419.32689783786,3264402.3113568346,060000,购物服务;购物相关场所;购物相关场所,重庆市,重庆市,九龙坡区,,4.2
B0FFHO1VHJ,中国移动(正升·百老汇广场店),西郊路3号京东MALL重庆杨家坪店F1层,[],106.515339,29.507922,,,439455.4983353476,3264423.7243100097,060305|070603,购物服务;家电电子卖场;手机销售|生活服务;电讯营业厅;中国移动营业厅,重庆市,重庆市,九龙坡区,,4.3
B0K3H93SE7,名酒收购中心,杨家坪街道桃花溪A座3号(附3号),18723189800,106.510915,29.504479,,,439024.6480069478,3264044.5394451106,061210,购物服务;专卖店;烟酒专卖店,重庆市,重庆市,九龙坡区,,3.8
B0JAXAWJUR,LAWSON罗森(杨家坪西郊路店),西郊路3号京东MALL重庆杨家坪店F1层,023-67612970;15223057575,106.514315,29.5072,,,439355.81891611085,3264344.2577778758,060200,购物服务;便民商店/便利店;便民商店/便利店,重庆市,重庆市,九龙坡区,,4.1
B00178VTM8,苏宁易购李家沱店,得胜村小区,023-88158263,106.542019,29.465003,,,442016.9675252354,3259654.5958074634,060304|060306,购物服务;家电电子卖场;苏宁|购物服务;家电电子卖场;数码电子,重庆市,重庆市,巴南区,,4.3
B0KAVHEMCK,重庆京东MALL授权体验店,西郊路3号重庆京东MALL一层,023-67865533,106.514969,29.507764,,,439419.54277366307,3264406.410036224,060300,购物服务;家电电子卖场;家电电子卖场,重庆市,重庆市,九龙坡区,,4.2
B0KDJ1KDB6,德国威能地暖(杨家坪京东mall店),西郊路19路5楼,17702342589;18996723603,106.51442,29.507383,,,439366.1049494322,3264364.4800390964,060000,购物服务;购物相关场所;购物相关场所,重庆市,重庆市,九龙坡区,,3.3
B0KD6SCJ1G,源氏木语(九龙坡京东MALL店),西郊路3号京东MALL四层,19936615549,106.514171,29.507338,,,439341.9441799115,3264359.6237121583,060000,购物服务;购物相关场所;购物相关场所,重庆市,重庆市,九龙坡区,,4.0
B0J3UNXHUA,舒心超市,李家沱林荫村3号商9号,15823415158,106.540864,29.464743,,,441904.82642425015,3259626.3627501247,060200,购物服务;便民商店/便利店;便民商店/便利店,重庆市,重庆市,巴南区,,4.2
B0FFIUPBVP,格意(李家沱百年广场店),李家沱正街16号一城百年广场,023-68037658,106.542875,29.465375,,,442100.17964082625,3259695.3884234075,050800|060000,餐饮服务;糕饼店;糕饼店|购物服务;购物相关场所;购物相关场所,重庆市,重庆市,巴南区,,4.0
B0KDYMVCI2,石头小家电(京东mall九龙坡店),杨家坪京东MALL1楼(服务台对面),13883875371,106.514967,29.507727,,,439419.32689783786,3264402.3113568346,060000,购物服务;购物相关场所;购物相关场所,重庆市,重庆市,九龙坡区,,3.7
B0K3URIMPV,摩恩(杨家坪京东MALL店),杨家坪西郊路3号京东MALL5层,15802369307,106.51494,29.507872,,,439416.796309508,3264418.391893432,060604|061100,购物服务;家居建材市场;厨卫市场|购物服务;服装鞋帽皮具店;服装鞋帽皮具店,重庆市,重庆市,九龙坡区,,4.0
B0L1PR7QQ2,恒洁卫浴(京东MALL杨家坪店),西郊路3号京东MALL重庆杨家坪店F4层,[],106.51464,29.507649,,,439387.586568299,3264393.839051286,060604,购物服务;家居建材市场;厨卫市场,重庆市,重庆市,九龙坡区,,3.7
B00178VKGB,千叶眼镜(南庭花园店),南庭花园,023-62869990,106.543676,29.465577,,,442177.9617488837,3259717.372562545,061204,购物服务;专卖店;眼镜店,重庆市,重庆市,巴南区,,4.2
B0FFGKB5J2,上游三村,杨渡路与武装部支路交叉口东80米,[],106.505342,29.497632,,,438480.33918537875,3263288.8035189896,060000,购物服务;购物相关场所;购物相关场所,重庆市,重庆市,九龙坡区,,[]
B0L275JNPS,苏宁易购(Suning Elec重庆李家沱马王坪正街店),林荫村18号都和广场,[],106.541989,29.464906,,,442014.0034356659,3259643.862921681,060300,购物服务;家电电子卖场;家电电子卖场,重庆市,重庆市,巴南区,,3.7
B0H0D7BANM,小米之家(巴南李家沱重百专区店),重庆市李家沱街道李家沱重百商场1F小米店,15213515930,106.541833,29.464806,,,441998.8202025005,3259632.860367843,060305,购物服务;家电电子卖场;手机销售,重庆市,重庆市,巴南区,,3.8
B0KAVUF1ZL,JMGO坚果投影(杨家坪京东MALL),西郊路3号京东MALL重庆杨家坪店F2层,13618226235,106.514966,29.507784,,,439419.2639123155,3264408.627664076,060000,购物服务;购物相关场所;购物相关场所,重庆市,重庆市,九龙坡区,,3.7
B0KBN1GH32,LAWSON罗森(杨家坪中学店),西郊大厦东南门西南50米(杨家坪地铁站1号口步行220米),[],106.512502,29.506091,,,439179.433466222,3264222.3235155684,060200,购物服务;便民商店/便利店;便民商店/便利店,重庆市,重庆市,九龙坡区,,3.9
B0LGCRTS99,COLMO(重庆杨家坪乐尚装饰店),杨家坪街道杨家坪正街7号原国美电器1楼,13980076460,106.517715,29.509329,,,439686.6212793861,3264578.390126636,060600,购物服务;家居建材市场;家居建材市场,重庆市,重庆市,九龙坡区,,3.6
B0K3J1495M,箭牌卫浴(京东MALL店),西郊路3号京东MALL四楼,13370710126;13883445152,106.515039,29.507859,,,439426.3839465401,3264416.899892308,060604,购物服务;家居建材市场;厨卫市场,重庆市,重庆市,九龙坡区,,3.4
B0KUHUH6MR,R&T瑞尔特(杨家坪京东MALL),杨家坪街道杨家坪京东MALL四楼瑞尔特,18580104395,106.514825,29.508125,,,439405.800835661,3264446.485023864,060604,购物服务;家居建材市场;厨卫市场,重庆市,重庆市,九龙坡区,,3.9
B0FFH4843Q,东南亚菜市场,李家沱街道李渡路重庆明星大药房对面,023-61256194,106.545413,29.466038,,,442346.6472182896,3259767.5913307886,060700,购物服务;综合市场;综合市场,重庆市,重庆市,巴南区,,4.2
B0L1J78X3S,科大讯飞AI学习机专卖店(九龙坡京东超体店),杨家坪西郊路3号京东MALL二楼科大讯飞,18583285128,106.514336,29.507586,,,439358.0843647339,3264387.016892578,060306,购物服务;家电电子卖场;数码电子,重庆市,重庆市,九龙坡区,,3.8
B00178TVR8,立丹时尚街,杨家坪正街25号(杨家坪地铁站2号口步行210米),[],106.515625,29.509157,,,439483.9528537116,3264560.4175265385,060102,购物服务;商场;普通商场,重庆市,重庆市,九龙坡区,,4.4
B0LD9R6GFB,凯伦诗按摩椅(京东MALL九龙坡店),西郊路3号(京东MALL九龙坡店)1楼,13308367533;15923586055,106.514729,29.507742,,,439396.26812662825,3264404.0973825525,060000,购物服务;购物相关场所;购物相关场所,重庆市,重庆市,九龙坡区,,3.1
B0G0FR9Y8V,中国移动(杨家坪步行街营业厅),杨家坪正街25号(杨家坪地铁站5号口步行180米),[],106.515415,29.508885,,,439463.4374454501,3264530.388309397,060305|070603,购物服务;家电电子卖场;手机销售|生活服务;电讯营业厅;中国移动营业厅,重庆市,重庆市,九龙坡区,,4.4
B0K2T5W7M5,凯度电器(重庆杨家坪京东Mall旗舰店),西郊路3号京东mall四楼,15123099713;15523558982,106.514691,29.507787,,,439392.6118527311,3264409.103328838,060300,购物服务;家电电子卖场;家电电子卖场,重庆市,重庆市,九龙坡区,,4.0
B00170I5CA,凤梧超市(李家沱总店),李家沱南庭花园b栋,023-62863723;18375677315,106.544507,29.465586,,,442258.54309049895,3259717.9575236505,060705|060400,购物服务;综合市场;蔬菜市场|购物服务;超级市场;超市,重庆市,重庆市,巴南区,,4.0
B0017874R0,LOT POP乐派,杨家坪正升百老汇广场a座(杨家坪地铁站2号口步行200米),023-68657241,106.514789,29.508828,,,439402.73030825896,3264524.3984870184,060102,购物服务;商场;普通商场,重庆市,重庆市,九龙坡区,,4.5
B0JK7MN346,领达二手电器仓储交易中心,红光大道与红李大道交叉口东北340米,17774995108,106.529359,29.462856,,,440788.161021477,3259423.0721889166,060702,购物服务;综合市场;旧货市场,重庆市,重庆市,巴南区,,4.0
B0L2AU12K0,华硕电脑(杨家坪京东MALL店),西郊路3号京东MALL(杨家坪地铁站2号口旁),13389669080;18680722837,106.514347,29.507733,,,439359.238130456,3264403.299239493,060306,购物服务;家电电子卖场;数码电子,重庆市,重庆市,九龙坡区,,3.9
B0KR6RVI5R,蓝盒子(杨家坪京东MALL店),正升·百老汇广场(杨家坪地铁站2号口旁),17265195961,106.514255,29.50761,,,439350.2478853975,3264389.718402093,060000,购物服务;购物相关场所;购物相关场所,重庆市,重庆市,九龙坡区,,4.0
B00178VTYR,以纯(重庆杨家坪京东MALL店),杨家坪西郊路3号1-1(杨家坪地铁站2号口步行150米),[],106.51522,29.508156,,,439444.1037725882,3264449.714221566,061101,购物服务;服装鞋帽皮具店;品牌服装店,重庆市,重庆市,九龙坡区,,4.1
B00170I3HA,龙湖重庆西城天街,杨家坪步行街珠江路48号,023-68126001,106.517462,29.51056,,,439662.83017518395,3264714.9201805885,060101,购物服务;商场;购物中心,重庆市,重庆市,九龙坡区,,4.7
B0IB9S5Q0E,晴海荟广场,西郊路2号附2号(杨家坪地铁站1号口旁),[],106.513494,29.508062,,,439276.7590434445,3264440.1985173686,060102,购物服务;商场;普通商场,重庆市,重庆市,九龙坡区,,4.5
B0K6HSDIWY,名创优品(李家沱商场重百店),李家沱林荫村18号重百李家沱商场F1-19号商铺,18423691090,106.541738,29.464532,,,441989.4527052203,3259602.5478559933,060000,购物服务;购物相关场所;购物相关场所,重庆市,重庆市,巴南区,,3.9
B0FFL7S9HL,半岛.陶乐街,李家沱街道汇南二路39一87号一楼公区面积,15683381140,106.520656,29.464267,,,439945.0993781395,3259583.8700778843,061000,购物服务;特色商业街;特色商业街,重庆市,重庆市,巴南区,,4.2
B0FFHJLJSA,客临便利店(保利观塘·泽园店),二塘路79号,13983892107;15310325360,106.559946,29.490743,,,443769.44102374406,3262497.8564643203,060200,购物服务;便民商店/便利店;便民商店/便利店,重庆市,重庆市,南岸区,,4.3
B0LUM40WEZ,ROG玩家国度(重庆京东MALL店),正升百老汇广场2楼(杨家坪地铁站2号口旁),18680722837,106.514275,29.507675,,,439352.2250938236,3264396.910187162,060306,购物服务;家电电子卖场;数码电子,重庆市,重庆市,九龙坡区,,3.5
B0ID0A3K6J,渝品惠特价小商品(重庆百年商场店),光彩商场东门旁,15923213561,106.542878,29.4649,,,442100.20070472383,3259642.755854088,060701,购物服务;综合市场;小商品市场,重庆市,重庆市,巴南区,,3.7
B0K0JCE9QV,三星授权专营店(杨家坪京东Mall店),西郊路3号京东Mall(杨家坪地铁站2号口旁),17830137528,106.514373,29.508025,,,439361.9321533221,3264435.640242782,060000,购物服务;购物相关场所;购物相关场所,重庆市,重庆市,九龙坡区,,4.0
B0FFHP1GW1,华为授权体验店(西城天街),珠江路杨家坪西城天街1楼15-1号(华为授权体验店),023-68190788,106.517518,29.510022,,,439667.9386776093,3264655.278964072,060305,购物服务;家电电子卖场;手机销售,重庆市,重庆市,九龙坡区,,4.4
B0LBCCQ348,德龙咖啡机专柜(重庆京东电器超级体验店杨家坪店),西郊路3号重庆京东MALL二楼(杨家坪地铁站2号口旁),15223158060,106.514302,29.507802,,,439354.91771555576,3264410.968126278,060000,购物服务;购物相关场所;购物相关场所,重庆市,重庆市,九龙坡区,,4.0
B0G3FZGUTT,九龙好吃街(立丹时尚街店),杨家坪正街25号负一层(杨家坪地铁站4号口步行100米),023-68665885,106.51598,29.509099,,,439518.32560042996,3264553.8062898885,061000|050000,购物服务;特色商业街;特色商业街|餐饮服务;餐饮相关场所;餐饮相关,重庆市,重庆市,九龙坡区,,4.5
B0FFH1GKZV,鲜丰水果(重庆杨家坪轻轨站店),西郊路2号晴海荟广场F1层(杨家坪地铁站1号口旁),13594372959,106.513445,29.507587,,,439271.72632263985,3264387.5925364103,060704,购物服务;综合市场;果品市场,重庆市,重庆市,九龙坡区,,4.1
B0KU47ZRQM,荣泰按摩椅(杨家坪京东MALL店),京东MALL一楼荣泰按摩椅(原大洋百货),13110151168,106.514832,29.50832,,,439406.5954238541,3264468.088016917,061200,购物服务;专卖店;专营店,重庆市,重庆市,九龙坡区,,4.2
B0K6KD30GW,你好格格零食李家沱渝都百货店(李家沱正街店),李家沱正街165号附6号,13635431532,106.543417,29.465077,,,442152.5645614131,3259662.1000365466,060000,购物服务;购物相关场所;购物相关场所,重庆市,重庆市,巴南区,,3.6
B0K3LC1NHD,九牧卫浴(杨家坪京东MALL),西郊路3号(杨家坪地铁站2号口步行90米),18523551322,106.514637,29.508023,,,439387.5185947934,3264435.2810396147,060000,购物服务;购物相关场所;购物相关场所,重庆市,重庆市,九龙坡区,,3.6
B00170AI7Z,新世纪百货(杨家坪店),西郊路2号附2号晴海荟购物广场负一层,023-86813602;023-89061349,106.513637,29.508372,,,439290.80397561536,3264474.472894636,060400,购物服务;超级市场;超市,重庆市,重庆市,九龙坡区,,4.5
B0HRLR38QC,七九七九商行(杨家坪步行商业区店),团结路杨家坪步行商业区(杨家坪横街),13368427979;19122968479,106.517425,29.509585,,,439658.6658509272,3264606.9061754206,061200,购物服务;专卖店;专营店,重庆市,重庆市,九龙坡区,,3.8
B0LGY785JB,Honeywell霍尼韦尔照明净水杨家坪京东Mall店,杨家坪京东mall4层,18183066391,106.514828,29.508314,,,439406.204160352,3264467.4252809556,060606,购物服务;家居建材市场;灯具瓷器市场,重庆市,重庆市,九龙坡区,,3.7
B0KGMSM5BH,美的智慧家(重庆西区天怡美装饰店),立丹百货(杨家坪横街)立丹时尚街,13060228933,106.515478,29.508833,,,439469.51259661553,3264524.5937519497,060000,购物服务;购物相关场所;购物相关场所,重庆市,重庆市,九龙坡区,,4.0
B001786SA9,宏瑞栗(杨家坪正街店),杨家坪正街西郊路1号1-6号、1-7号、1-8号,023-68416116,106.515118,29.50873,,,439434.55933689995,3264513.3684105156,060704|050000,购物服务;综合市场;果品市场|餐饮服务;餐饮相关场所;餐饮相关,重庆市,重庆市,九龙坡区,,4.4
B0017936H2,西西弗书店&矢量咖啡(重庆西城天街店),杨家坪珠江路48号2幢L馆-2F-14a、L馆-2F-17,023-68126665,106.517559,29.51005,,,439671.92903845344,3264658.3601894947,061205,购物服务;专卖店;书店,重庆市,重庆市,九龙坡区,,4.4
B0FFJO818U,中交西西荟,杨渡路639号中房,[],106.502968,29.494503,,,438248.3225212247,3262943.357801224,060102,购物服务;商场;普通商场,重庆市,重庆市,大渡口区,,4.1
B00178XBXC,宜佳宜超市(融汇大道店),李家沱街道融汇大道2号附1号,023-62865255,106.519774,29.46457,,,439859.7555036985,3259617.8983182632,060200,购物服务;便民商店/便利店;便民商店/便利店,重庆市,重庆市,巴南区,,4.0
B0FFJL3R4C,百果园(中房店),杨渡路671号,023-68916486,106.502978,29.493797,,,438248.8636471084,3262865.1254502125,060704,购物服务;综合市场;果品市场,重庆市,重庆市,大渡口区,,4.3
B0KB1SBA4O,361°(杨家坪步行商业区店),团结路4号附14号(杨家坪地铁站4号口步行90米),15215147864,106.517103,29.509651,,,439627.496343745,3264614.386283065,060900,购物服务;体育用品店;体育用品店,重庆市,重庆市,九龙坡区,,3.8
B0LRSM3LAW,追觅DREAME重庆京东MALL体验店(大洋百货重庆店),西郊路大洋100货1单元(杨家坪地铁站2号口步行110米),[],106.514825,29.508275,,,439405.8901665361,3264463.105515796,060000,购物服务;购物相关场所;购物相关场所,重庆市,重庆市,九龙坡区,,3.7
B0GUMH7388,蓝光每日鲜生活超市(蓝光林肯公园店),龙洲大道2999号蓝光林肯公园3期附20、21、22号,18983254524,106.559926,29.483498,,,443763.5014775206,3261695.1023344113,060400,购物服务;超级市场;超市,重庆市,重庆市,巴南区,,4.3
B0HANSML1L,馨嘉布艺,西郊路博浪购物城五期二段125号,13399852415,106.513428,29.507464,,,439270.00521340204,3264373.9726079535,060605,购物服务;家居建材市场;布艺市场,重庆市,重庆市,九龙坡区,,3.4
B0G26DKSB7,乾含大药房,广厦城一期西南3门西100米,[],106.53119,29.490758,,,440981.8711993341,3262513.7565565514,090601,医疗保健服务;医药保健销售店;药房,重庆市,重庆市,九龙坡区,,[]
B0G26ULYXP,一心堂(广厦城巢上二期店),广厦城一期西南门西南60米,023-68525002,106.529628,29.491181,,,440830.6980676965,3262561.419279166,090601,医疗保健服务;医药保健销售店;药房,重庆市,重庆市,九龙坡区,,[]
B0JBPM7KF3,万和医药(九龙坡龙江路三店),广厦城6号附59号,023-68519253,106.529523,29.491124,,,440820.48636865173,3262555.1569056325,090601,医疗保健服务;医药保健销售店;药房,重庆市,重庆市,九龙坡区,,[]
B0KDOAOGIG,厚谊大药房,广厦城一期6号院西南门旁,[],106.530087,29.491667,,,440875.4751725013,3262615.0361830373,090601,医疗保健服务;医药保健销售店;药房,重庆市,重庆市,九龙坡区,,[]
B0LRTDA632,全发大药房(龙江路店),广厦城6号1幢附3号,[],106.529914,29.492376,,,440859.11668773706,3262693.6833067564,090601,医疗保健服务;医药保健销售店;药房,重庆市,重庆市,九龙坡区,,[]
B0FFKJOST4,汪氏蜜蜂园,九龙小学东南2门东70米,15023041246,106.530139,29.492544,,,440881.0252019236,3262712.183864432,090602,医疗保健服务;医药保健销售店;医疗保健用品,重庆市,重庆市,九龙坡区,,3.5
B001786TW3,志豪大药房,九龙小学东南2门东南60米,[],106.529907,29.492456,,,440858.48459536093,3262702.551092618,090601,医疗保健服务;医药保健销售店;药房,重庆市,重庆市,九龙坡区,,[]
B0KAKUOYC7,真善美药房(九龙花园店),永盛超市出入口旁,[],106.526726,29.49073,,,440549.11843688757,3262512.9261188735,090601,医疗保健服务;医药保健销售店;药房,重庆市,重庆市,九龙坡区,,[]
B0G1PULI6C,康之堂大药房,美食街九龙三村30号附25号,18696650602,106.527411,29.491981,,,440616.2514305032,3262651.19078117,090601,医疗保健服务;医药保健销售店;药房,重庆市,重庆市,九龙坡区,,[]
B0FFFE1ITE,健之佳健康药房(广厦城店),广厦城2号附11号,023-68069544;15119415180,106.530324,29.49343,,,440899.47295239044,3262810.261232769,090601,医疗保健服务;医药保健销售店;药房,重庆市,重庆市,九龙坡区,,[]
B0G064LYB8,万和医药连锁(龙江路二店),广厦城一期北区西门西南50米,023-68450067,106.530433,29.493558,,,440910.1133339505,3262824.388648063,090601,医疗保健服务;医药保健销售店;药房,重庆市,重庆市,九龙坡区,,[]
B0LASS1GM0,锦哲医疗器械,九龙民间文化美食街与高进路交叉口西200米,[],106.526533,29.492378,,,440531.37173911283,3262695.627867788,090602,医疗保健服务;医药保健销售店;医疗保健用品,重庆市,重庆市,九龙坡区,,[]
B0KKSXFEZE,红蓝光健康之家,九龙民间文化美食街与高进路交叉口西220米,[],106.526289,29.492229,,,440507.631889359,3262679.2429473572,090602,医疗保健服务;医药保健销售店;医疗保健用品,重庆市,重庆市,九龙坡区,,[]
B0L3C6II94,文山三七专卖店,九龙民间文化美食街与高进路交叉口西280米,[],106.525625,29.492425,,,440443.37985054,3262701.299942533,090602,医疗保健服务;医药保健销售店;医疗保健用品,重庆市,重庆市,九龙坡区,,[]
B0H6RU7WN6,民利药房,黄桷坪铁路新村7号附2号,19946815931,106.538847,29.493102,,,441725.4755439931,3262769.619684053,090601,医疗保健服务;医药保健销售店;药房,重庆市,重庆市,九龙坡区,,[]
B0KRN9GL1T,田老幺大药房,黄桷坪街道新市场官家林199号2栋负1层9号,023-68476078,106.538539,29.494271,,,441696.2884715218,3262899.3024130696,090601,医疗保健服务;医药保健销售店;药房,重庆市,重庆市,九龙坡区,,[]
B0FFIIN138,鑫斛药庄(黄桷坪店),黄桷坪新建路2号附5号,023-67634446;18523556051,106.542467,29.490819,,,442075.08799273905,3262514.849802341,090601,医疗保健服务;医药保健销售店;药房,重庆市,重庆市,九龙坡区,,[]
B00170I5J0,万和医药连锁(黄桷坪一店),搬运西村1号附3号(四川美术学院地铁站4号口步行150米),023-68506402;023-68516179,106.542551,29.490698,,,442083.16203994467,3262501.4008709146,090601,医疗保健服务;医药保健销售店;药房,重庆市,重庆市,九龙坡区,,[]
B00170I4O5,和平药房(黄桷坪店),新建路2号附8号(四川美术学院地铁站4号口步行130米),023-81157240;13617633629,106.54273,29.490544,,,442100.42656604166,3262484.248191208,090601,医疗保健服务;医药保健销售店;药房,重庆市,重庆市,九龙坡区,,[]
B0LUBZFVEM,康远本草健康之家,星河名居西南2门旁(滩子口地铁站2A口步行410米),[],106.527471,29.497262,,,440625.1478322292,3263236.310380209,090602,医疗保健服务;医药保健销售店;医疗保健用品,重庆市,重庆市,九龙坡区,,[]
B0FFGWP1S4,桐君阁大药房(黄桷坪正街店),新建路2号附9号(邮局对面),023-86182826;023-86182879;13220300858,106.5427,29.490571,,,442097.5337430649,3262487.2547890795,090601,医疗保健服务;医药保健销售店;药房,重庆市,重庆市,九龙坡区,,[]
B0HKHAB70S,无忧大药房,黄桷坪新建路2栋12号,[],106.542609,29.490487,,,442088.6644991172,3262477.992640867,090601,医疗保健服务;医药保健销售店;药房,重庆市,重庆市,九龙坡区,,[]
B0FFL8GHLQ,海通大药房(田永雄店),新建路3幢28号,023-68687573,106.542983,29.490254,,,442124.7873568537,3262451.989572995,090601,医疗保健服务;医药保健销售店;药房,重庆市,重庆市,九龙坡区,,[]
B0K3X55M6H,重庆御通大药房,新建路3栋28号(四川美术学院地铁站4号口步行90米),023-68687573,106.542983,29.490253,,,442124.7867884568,3262451.878770312,090601,医疗保健服务;医药保健销售店;药房,重庆市,重庆市,九龙坡区,,[]
B001786S64,健之佳健康药房(滩子口店),滩子口72号第1层门面1号2号,023-67510353;023-68437055,106.526298,29.497872,,,440511.8019328322,3263304.4993279427,090601,医疗保健服务;医药保健销售店;药房,重庆市,重庆市,九龙坡区,,[]
B0FFGCEXSD,鑫斛药庄(滩子口店),重庆市九龙坡区黄桷坪滩子口71号附5号(滩子口地铁站2A口步行250米),023-68085664;17784295342,106.526272,29.498375,,,440509.57566902164,3263360.246524684,090601,医疗保健服务;医药保健销售店;药房,重庆市,重庆市,九龙坡区,,[]
B0FFKSA7TI,万和医药(九龙坡龙江路店),龙江路71号附6号(滩子口地铁站2A口步行250米),023-68439961,106.526254,29.498376,,,440507.8314787098,3263360.3665310233,090601,医疗保健服务;医药保健销售店;药房,重庆市,重庆市,九龙坡区,,[]
B0G1T6SS17,真善美药房(龙吟路店),龙隐花苑东北门东南50米,[],106.544323,29.490471,,,442254.80935874797,3262475.368143168,090601,医疗保健服务;医药保健销售店;药房,重庆市,重庆市,九龙坡区,,[]
B0H3JZ2RAR,乐泰亮甲(滩子口店),龙江路田野小区(滩子口地铁站2A口步行330米),15683440933,106.524943,29.498199,,,440380.65003593697,3263341.4254351687,090602,医疗保健服务;医药保健销售店;医疗保健用品,重庆市,重庆市,九龙坡区,,[]
B0KAO537X9,臻萍大药房,龙吟路与龙吟支路交叉口东南180米,[],106.543576,29.492848,,,442183.74550130934,3262739.117029012,090601,医疗保健服务;医药保健销售店;药房,重庆市,重庆市,九龙坡区,,[]
B0LDYAI3VQ,和平新健康药房(九龙坡店),锦龙路177号,[],106.518025,29.495453,,,439708.4470498788,3263040.72492567,090601,医疗保健服务;医药保健销售店;药房,重庆市,重庆市,九龙坡区,,[]
B0HGKXJDL0,康智美药房,新华春天西3门西90米,15823416318,106.518805,29.499101,,,439786.21414958104,3263444.5305873426,090601,医疗保健服务;医药保健销售店;药房,重庆市,重庆市,九龙坡区,,[]
B0FFL1UXP2,鑫垚大药房中药馆,峡谷路467号,[],106.519489,29.474485,,,439837.9744040308,3260716.653203881,090601,医疗保健服务;医药保健销售店;药房,重庆市,重庆市,巴南区,,[]
B0FFMCAHL5,熙恩大药房(融汇江山E区店),融汇半岛江山D西北门西130米,[],106.519077,29.474098,,,439797.80038445885,3260673.9855121397,090601,医疗保健服务;医药保健销售店;药房,重庆市,重庆市,巴南区,,[]
B0LKGO2OVK,桐心阁大药房,三之三融汇幼儿园东北门东南80米,[],106.519397,29.473627,,,439828.5478691878,3260621.632053607,090601,医疗保健服务;医药保健销售店;药房,重庆市,重庆市,巴南区,,[]
B00178VSMP,和平药房(上江城店),直港大道48号附7号,023-81836379,106.529778,29.505522,,,440853.5726657175,3264150.3682110263,090601,医疗保健服务;医药保健销售店;药房,重庆市,重庆市,九龙坡区,,[]
B0J0YC84WZ,鑫斛大药房(融汇半岛店),融汇大道5号11幢附37号,023-66450964,106.518429,29.473099,,,439734.3825897839,3260563.628848424,090601,医疗保健服务;医药保健销售店;药房,重庆市,重庆市,巴南区,,[]
B0IDL54SXF,好药师大药房(锦绣江南店),工矿路28号,[],106.534006,29.468675,,,441242.1152797379,3260065.477946285,090601,医疗保健服务;医药保健销售店;药房,重庆市,重庆市,巴南区,,[]
B0K35M81GA,中仁拾二堂筋骨养护(珠江花园店),直港大道28号附24号,18223084008,106.527116,29.506856,,,440596.3368180182,3264299.5359965917,090601,医疗保健服务;医药保健销售店;药房,重庆市,重庆市,九龙坡区,,[]
B00170I3JD,济生仙果药房,直港大道28号附11号,13629726609,106.526979,29.507341,,,440583.3414619869,3264353.3454851,090601,医疗保健服务;医药保健销售店;药房,重庆市,重庆市,九龙坡区,,[]
B0LGH7O3AV,恋恋棋牌室,晨曦花园西区东门西70米,[],106.528875,29.467525,,,440743.9440678075,3259940.654814962,090602,医疗保健服务;医药保健销售店;医疗保健用品,重庆市,重庆市,巴南区,,2.9
B001797G2V,真善美药房(九龙坡区直港大道店),直港大道26号附38号,023-62809399;023-68198491;17623611986,106.526657,29.508,,,440552.5171569694,3264426.529275793,090601,医疗保健服务;医药保健销售店;药房,重庆市,重庆市,九龙坡区,,[]
B0G13R37LD,泉源堂(直港大道店),直港大道53号,023-68663303;15310315830,106.528135,29.508194,,,440695.8820609098,3264447.2706293217,090601,医疗保健服务;医药保健销售店;药房,重庆市,重庆市,九龙坡区,,[]
B0KG21ULMO,万和医药(九龙坡珠江花园店),珠江花园南区北门旁,[],106.527561,29.507855,,,440640.0507354908,3264410.001152207,090601,医疗保健服务;医药保健销售店;药房,重庆市,重庆市,九龙坡区,,[]
B00170I24T,和平药房(西郊店),杨家坪西郊路广厦经典21-8号,[],106.511826,29.499414,,,439109.91753982316,3263482.8440327058,090601,医疗保健服务;医药保健销售店;药房,重庆市,重庆市,九龙坡区,,[]
B00178VR3V,桐君阁大药房(九龙坡区三十九店),直港大道26号附35号,023-86196813;13627690523,106.526331,29.508103,,,440520.9805477563,3264438.108654285,090601,医疗保健服务;医药保健销售店;药房,重庆市,重庆市,九龙坡区,,[]
B001786S0W,和平药房(珠江花园店),杨家坪直港大道珠江花园1栋B3第1层39号,023-81836380,106.527367,29.508297,,,440621.5056406024,3264459.0751580303,090601,医疗保健服务;医药保健销售店;药房,重庆市,重庆市,九龙坡区,,[]
B0FFFRZDB5,唐氏药房(直港大道店),直港大道31号附1-2号,023-68621249,106.527317,29.508351,,,440616.69103362464,3264465.084053151,090601,医疗保健服务;医药保健销售店;药房,重庆市,重庆市,九龙坡区,,[]
B0FFHGUOVA,万和医药(九龙坡区九龙广场店),西郊路西郊三村2号印象汇(九龙坡店)F2层,023-68412028;023-68780249;13752838489,106.512005,29.50029,,,439127.7921132606,3263579.813948218,090601,医疗保健服务;医药保健销售店;药房,重庆市,重庆市,九龙坡区,,[]
B0JDGSRJ2F,鑫斛大药房(江上公馆店),融汇大道293号,023-62334840,106.513075,29.474125,,,439215.8917292466,3260680.095340016,090601,医疗保健服务;医药保健销售店;药房,重庆市,重庆市,巴南区,,[]
B0LBT6300X,笑心堂大药房,广厦经典西北门旁(动物园地铁站2号口步行170米),13797697952,106.511018,29.499276,,,439031.5145616232,3263467.976322864,090601,医疗保健服务;医药保健销售店;药房,重庆市,重庆市,九龙坡区,,[]
B0FFGT1LH4,鑫斛药庄(珠江花园店),直港大道23号,023-68433103;17830560916,106.526975,29.508399,,,440583.57159589906,3264470.5772529826,090601,医疗保健服务;医药保健销售店;药房,重庆市,重庆市,九龙坡区,,[]
B0GU9XV0A3,康邻大药房(融汇江上店),融汇大道432-436,18166384247,106.516225,29.471025,,,439519.4603859622,3260334.9668130204,090601,医疗保健服务;医药保健销售店;药房,重庆市,重庆市,巴南区,,[]
B0JK9UAWNT,惠耳听力助听器(重庆马王坪店),马王坪正街91-9号,023-62595366;18996285895,106.533589,29.465904,,,441200.08422942733,3259758.654949072,090602,医疗保健服务;医药保健销售店;医疗保健用品,重庆市,重庆市,巴南区,,[]
B0LBMM016Z,自然之声助听器(马王坪店),马王坪正街30号1-8(典雅大厦社区食堂旁),17783398700,106.534838,29.466247,,,441321.3881986953,3259796.030256198,090602,医疗保健服务;医药保健销售店;医疗保健用品,重庆市,重庆市,巴南区,,[]
B0J3MZ4FHO,上寿颐年居家养老服务站,直港大道18号附38号,023-68607879;15320370790,106.523361,29.507991,,,440233.05440076615,3264427.22106751,090602,医疗保健服务;医药保健销售店;医疗保健用品,重庆市,重庆市,九龙坡区,,4.2
B0L32D3NB1,云南三七天麻,直港大道26号,18523075738,106.52553,29.508293,,,440443.4567044529,3264459.571109943,090602,医疗保健服务;医药保健销售店;医疗保健用品,重庆市,重庆市,九龙坡区,,4.0
B0FFJ85YMT,自然之声助听器(岳阳妇幼店),马王坪正街30号1-8(典雅大厦社区食堂旁),17783398700,106.534836,29.466091,,,441321.1044609135,3259778.746093901,090602,医疗保健服务;医药保健销售店;医疗保健用品,重庆市,重庆市,巴南区,,[]
B0FFGA4B6Y,珍奥健康馆(马王坪正街店),马王坪新村3号附15号,[],106.53771,29.467143,,,441600.37768300384,3259893.865648002,090602,医疗保健服务;医药保健销售店;医疗保健用品,重庆市,重庆市,巴南区,,[]
B0FFJOBVOK,鑫斛大药房(桥南村店),马王坪正街101号附9号-10号,023-67515368,106.53074,29.466171,,,440923.99200713076,3259789.6808842076,090601,医疗保健服务;医药保健销售店;药房,重庆市,重庆市,巴南区,,[]
B0MGR1MBEX,康邻大药房(102连锁店),融汇半岛爱窝西门南50米,[],106.5145,29.471931,,,439352.7469341075,3260436.2511769463,090601,医疗保健服务;医药保健销售店;药房,重庆市,重庆市,巴南区,,[]
B0KGHH327H,万和医药连锁(马王坪店),马王坪正街27号1楼2号附1号,023-62588044,106.536016,29.466198,,,441435.58178618416,3259790.008028095,090601,医疗保健服务;医药保健销售店;药房,重庆市,重庆市,巴南区,,[]
B0GUKUE8A7,叶子大药房,桥南社区居委会东侧,[],106.533734,29.466242,,,441214.3387799824,3259796.0329597876,090601,医疗保健服务;医药保健销售店;药房,重庆市,重庆市,巴南区,,[]
B0FFIIUWB6,龙凤药房(融汇店),融汇半岛江上公馆B区东南门旁,023-66230594,106.512133,29.473731,,,439124.32457561366,3260636.931169595,090601,医疗保健服务;医药保健销售店;药房,重庆市,重庆市,巴南区,,[]
B0H09DL64F,美万佳大药房,李家沱街道汇宾一路259号,[],106.512087,29.473742,,,439119.87119385647,3260638.174049376,090601,医疗保健服务;医药保健销售店;药房,重庆市,重庆市,巴南区,,[]
B0I6JR33RZ,饿了么全能超市-和平药房(汇宾一路店),汇宾一路241号,023-66283501,106.511755,29.473657,,,439087.63114591176,3260628.9294438623,090601,医疗保健服务;医药保健销售店;药房,重庆市,重庆市,巴南区,,[]
B0L6PDCVRA,奥德声助听器,马王坪正街28号-1,17783398700,106.534783,29.466127,,,441315.98617176653,3259782.761682442,090602,医疗保健服务;医药保健销售店;医疗保健用品,重庆市,重庆市,巴南区,,[]
B00178VPAT,百花蜂产品(君安楼店),直港大道15号附4号,13996359229,106.524895,29.508655,,,440382.1230342538,3264500.0071564103,090602,医疗保健服务;医药保健销售店;医疗保健用品,重庆市,重庆市,九龙坡区,,[]
B00170I4QD,全兴药品(李家沱二分店),典雅苑北门旁,023-62403795,106.535678,29.466049,,,441402.7228069196,3259773.6684804396,090601,医疗保健服务;医药保健销售店;药房,重庆市,重庆市,巴南区,,[]
B0I3GSHQY6,一丸堂肤康馆(杨家坪直港大道店),直港大道君安楼15号附3号,15730280489,106.524654,29.508712,,,440358.7982075834,3264506.4464858756,090602,医疗保健服务;医药保健销售店;医疗保健用品,重庆市,重庆市,九龙坡区,,[]
B0FFFYK7AF,鑫斛药庄(茂苑店),茂苑B区北门旁,[],106.537606,29.466562,,,441589.9607097054,3259829.5416340055,090601,医疗保健服务;医药保健销售店;药房,重庆市,重庆市,巴南区,,[]
B0KBFLXVGK,奥迪康助听器,马王坪正街30号,17323795867,106.534747,29.466106,,,441312.4834279818,3259780.4529720065,090602,医疗保健服务;医药保健销售店;医疗保健用品,重庆市,重庆市,巴南区,,[]
B0LGKSITHC,美而廉大药房(玫瑰公馆店),融汇大道15号,[],106.513725,29.472225,,,439277.7802864323,3260469.2310458915,090601,医疗保健服务;医药保健销售店;药房,重庆市,重庆市,巴南区,,[]
B0H33GPX29,和平药房融汇大道店,融汇大道融汇半岛十一期261号,023-62579674,106.513667,29.47175,,,439271.8736964134,3260416.6300112526,090601,医疗保健服务;医药保健销售店;药房,重庆市,重庆市,巴南区,,[]
B0FFJUFXRW,琳港养生保健按摩店,直港大道18号附29号,13752843658,106.523241,29.508617,,,440221.7914541703,3264496.64552856,090602,医疗保健服务;医药保健销售店;医疗保健用品,重庆市,重庆市,九龙坡区,,[]
B0FFH28QOD,善仁堂大药房(马王坪正街店),水轮村8号附4号,023-66282086;13320286555,106.535328,29.465877,,,441368.686947256,3259754.786613628,090601,医疗保健服务;医药保健销售店;药房,重庆市,重庆市,巴南区,,[]
B00170I4QF,万鑫药房(马王坪店),李家沱马王坪正街29号,[],106.536121,29.466161,,,441445.74158909207,3259785.855548257,090601,医疗保健服务;医药保健销售店;药房,重庆市,重庆市,巴南区,,[]
B0J1AZ2PHJ,重庆医药集团和平药房汇宾一路店,汇宾一路241号,023-66283501,106.511765,29.473589,,,439088.5600506511,3260621.3896262078,090601,医疗保健服务;医药保健销售店;药房,重庆市,重庆市,巴南区,,[]
B001791TF1,万鑫药房(天富店),马王坪后街枯井湾3号附10号,19922862802,106.538225,29.466376,,,441649.873768452,3259808.6221233,090601,医疗保健服务;医药保健销售店;药房,重庆市,重庆市,巴南区,,[]
B0LBPZ2DD0,硒之家(李家沱店),李家沱马王坪正街27号,[],106.53598,29.466172,,,441432.07619667554,3259787.145269183,090602,医疗保健服务;医药保健销售店;医疗保健用品,重庆市,重庆市,巴南区,,2.9
B0L16ZR73X,一九堂,君安楼西南门旁,[],106.524754,29.508713,,,440368.4910037244,3264506.506018322,090601,医疗保健服务;医药保健销售店;药房,重庆市,重庆市,九龙坡区,,[]
B00179BTOT,益仁堂大药房(马王坪正街店),九亩地1号附15号,[],106.535358,29.465904,,,441371.6113617491,3259757.7631757613,090601,医疗保健服务;医药保健销售店;药房,重庆市,重庆市,巴南区,,[]
B001786S0V,知蜂堂(金都香榭店),直港大道18号附22号,023-61562255,106.522916,29.508659,,,440190.31642633735,3264501.466332715,090602,医疗保健服务;医药保健销售店;医疗保健用品,重庆市,重庆市,九龙坡区,,[]
B0LBLLRAPP,草本养生坊,马王坪正街与工矿路交叉口东60米,[],106.536925,29.466175,,,441523.7074730367,3259787.0028452417,090602,医疗保健服务;医药保健销售店;医疗保健用品,重庆市,重庆市,巴南区,,[]
B0L29LS0Q7,广誉远养生精品中药,巴滨路2100号,[],106.547,29.470391,,,442502.98265606497,3260249.1291191257,090601,医疗保健服务;医药保健销售店;药房,重庆市,重庆市,巴南区,,3.6
B0KDUU6O3E,云南三七天麻(马王坪店),典雅苑北门旁,[],106.535783,29.466039,,,441412.8981333872,3259772.5076348656,090602,医疗保健服务;医药保健销售店;医疗保健用品,重庆市,重庆市,巴南区,,2.6
B0KRJR7RYC,重庆济晟阁福熙大药房,天宝路4号,[],106.52151,29.508109,,,440053.71980342263,3264441.2483517486,090601,医疗保健服务;医药保健销售店;药房,重庆市,重庆市,九龙坡区,,[]
B0J2G94VKW,唯生药房(巴南三店),马王坪正街与工矿路交叉口西南120米,[],106.535429,29.465746,,,441378.40484325495,3259740.220665453,090601,医疗保健服务;医药保健销售店;药房,重庆市,重庆市,巴南区,,[]
B0I2C480E2,德寿堂,桃花溪街与西郊路交叉口东南140米,[],106.513525,29.503375,,,439276.96676914225,3263920.847488095,090601,医疗保健服务;医药保健销售店;药房,重庆市,重庆市,九龙坡区,,[]
B0FFKAQJ81,鑫斛大药房(动物园轻轨站店),动物园轻轨站轻轨综合楼上游三村8号附7号,023-68036295,106.509125,29.499556,,,438848.19197160867,3263499.9946597484,090601,医疗保健服务;医药保健销售店;药房,重庆市,重庆市,九龙坡区,,[]
B0FFIGP7IE,一心堂大健康药店(杨家坪店),杨家坪直港大道天宝新城商住楼A栋3-1-1号,023-68171949;023-68527970;13102354073,106.521438,29.508871,,,440047.1903727433,3264525.7175078136,090601,医疗保健服务;医药保健销售店;药房,重庆市,重庆市,九龙坡区,,[]
B0FFHD9QOZ,桔色成人(旗舰店),直港大道13号附9号,18680805530,106.523082,29.509049,,,440206.63470307825,3264544.594235743,090602,医疗保健服务;医药保健销售店;医疗保健用品,重庆市,重庆市,九龙坡区,,[]
B0FFMCN1L0,清夫园皮肤健康护理中心,马王坪后街2号,13101365393,106.538188,29.466106,,,441646.13157935534,3259778.7240296286,090602,医疗保健服务;医药保健销售店;医疗保健用品,重庆市,重庆市,巴南区,,[]
B00170I3M8,和平药房(直港二店),直港大道13号附7号,[],106.523109,29.509067,,,440209.2621694604,3264546.5748140197,090601,医疗保健服务;医药保健销售店;药房,重庆市,重庆市,九龙坡区,,[]
B001786TKS,万鑫药房(李家沱聚鑫堂药店),李家沱街道马王坪后街枯井湾3号附10号,19922862802,106.539052,29.465615,,,441729.62650142756,3259723.887518381,090601,医疗保健服务;医药保健销售店;药房,重庆市,重庆市,巴南区,,[]
B0JK6M3AUB,博音助听器重庆李家沱直营中心,马王坪正街12号东南亚商厦二楼,17382335051,106.540764,29.465726,,,441895.6904190222,3259735.3312864034,090602,医疗保健服务;医药保健销售店;医疗保健用品,重庆市,重庆市,巴南区,,[]
B0L2O7W9BS,丽可医疗器,直港大道12号,[],106.521555,29.508974,,,440058.59092581406,3264537.069939587,090602,医疗保健服务;医药保健销售店;医疗保健用品,重庆市,重庆市,九龙坡区,,[]
B00178XD52,泷泉阁药房,杨家坪西郊都市桃源19号4幢附11号,[],106.515372,29.505884,,,439457.4841944045,3264197.8901058924,090601,医疗保健服务;医药保健销售店;药房,重庆市,重庆市,九龙坡区,,[]
B0FFHG0YSS,鑫斛大药房(直港大道店),杨家坪直港大道10-2,023-68046587;13114090998,106.52086,29.509003,,,439991.2473207996,3264540.64159186,090601,医疗保健服务;医药保健销售店;药房,重庆市,重庆市,九龙坡区,,[]
B0M6DM5TQZ,3292&Deep in Love成人情趣用品店,李渡路与巴滨路交叉口东南100米,[],106.546969,29.469527,,,442499.4894374836,3260153.411232557,090602,医疗保健服务;医药保健销售店;医疗保健用品,重庆市,重庆市,巴南区,,[]
B0HRP55LC7,智声助听器(重庆旗舰店),杨家坪街道西郊路50号附2号,023-68960952;18008323840,106.511999,29.503968,,,439129.4104133538,3263987.351295751,090602,医疗保健服务;医药保健销售店;医疗保健用品,重庆市,重庆市,九龙坡区,,[]
B00178XBQW,桐君阁大药房(动物园轻轨站店),西郊路30号附14号(动物园地铁站1号口步行80米),023-86139856;13883109175,106.508432,29.500066,,,438781.32555780327,3263556.868731081,090601,医疗保健服务;医药保健销售店;药房,重庆市,重庆市,九龙坡区,,[]
B0JASK61D7,乐泰亮甲(融汇半岛店),融汇大道350号,17323964449,106.515239,29.469091,,,439422.71007985075,3260121.1869892827,090602,医疗保健服务;医药保健销售店;医疗保健用品,重庆市,重庆市,巴南区,,[]
B0HD7HOMCP,诚心大药房(汇龙路店),中航万科金域学府1期东门南100米,15123888859,106.557749,29.491364,,,443556.8105083841,3262567.7283473983,090601,医疗保健服务;医药保健销售店;药房,重庆市,重庆市,南岸区,,[]
B0H2VUV9EH,重庆金保林大药房有限公司,杨家坪街道西郊路59号附21号,18983457246,106.506661,29.497846,,,438608.3226611135,3263311.818746517,090601,医疗保健服务;医药保健销售店;药房,重庆市,重庆市,九龙坡区,,[]
B0JRJBAUVI,万和医药连锁(马王坪正街店),都和广场北门西50米,023-62332584;023-62588044;18580143328,106.540692,29.465686,,,441888.686286118,3259730.9351152885,090601,医疗保健服务;医药保健销售店;药房,重庆市,重庆市,巴南区,,[]
B0GRN46WSP,万鑫药房(巴滨路店),李渡路121-123号(东邦小悦湾),19922259594,106.546281,29.46821,,,442432.03755407844,3260007.824503489,090601,医疗保健服务;医药保健销售店;药房,重庆市,重庆市,巴南区,,[]
B001786TOE,桐君阁大药房(融汇大道店),融汇大道4511号,13436177717,106.513823,29.469543,,,439285.68412107846,3260172.007170314,090601,医疗保健服务;医药保健销售店;药房,重庆市,重庆市,巴南区,,[]
B0FFIIHXRS,德桂堂药房(西郊路24巷),阳光馨苑西门旁(杨家坪地铁站2号口步行350米),[],106.513254,29.504876,,,439251.59551060863,3264087.3046188774,090601,医疗保健服务;医药保健销售店;药房,重庆市,重庆市,九龙坡区,,[]
B001792ELW,鑫斛大药房(马王坪店),马王坪正街12号附9号,023-62585143;13368257539,106.540719,29.465579,,,441891.24328231957,3259719.065798307,090601,医疗保健服务;医药保健销售店;药房,重庆市,重庆市,巴南区,,[]
B0H0B14BP8,和平药房(融汇半岛店),融汇大道195号,023-66276102,106.517848,29.466997,,,439674.438981359,3259887.812109214,090601,医疗保健服务;医药保健销售店;药房,重庆市,重庆市,巴南区,,[]
B0JDRSLA3T,鑫斛大药房(艾德公馆店),汇通路4515号,023-66417738,106.513784,29.469668,,,439281.97717781,3260185.8778353278,090601,医疗保健服务;医药保健销售店;药房,重庆市,重庆市,巴南区,,[]
B0KRMHON9C,专诚大药房(李家沱店),李渡路141号,[],106.546774,29.468266,,,442479.8706676115,3260013.785840164,090601,医疗保健服务;医药保健销售店;药房,重庆市,重庆市,巴南区,,[]
B0L01RH0EV,左点助听器(智声听力杨家坪店),西郊路50号智声助听器(杨家坪地铁站2号口步行450米),[],106.511936,29.503989,,,439123.3165911424,3263989.711129793,090602,医疗保健服务;医药保健销售店;医疗保健用品,重庆市,重庆市,九龙坡区,,[]
B0LB9YU8A7,鑫斛大药房(西郊路店),杨家坪西郊路17号1幢一层,023-68613223,106.513393,29.505735,,,439265.58089964866,3264182.412029764,090601,医疗保健服务;医药保健销售店;药房,重庆市,重庆市,九龙坡区,,[]
B0M6KRCRC8,康源之家,复兴路与高进支路交叉口东南100米,[],106.515625,29.506625,,,439482.44689275563,3264279.863657772,090602,医疗保健服务;医药保健销售店;医疗保健用品,重庆市,重庆市,九龙坡区,,[]
B0KDULF8KI,六岳堂大药房(直营店),心巢御园北门旁(动物园地铁站2号口步行440米),[],106.50684,29.497826,,,438625.66154151753,3263309.508251371,090601,医疗保健服务;医药保健销售店;药房,重庆市,重庆市,九龙坡区,,[]
B0FFIY20NP,桐君阁大药房(九龙坡区19店),张家花园平街33号附11号底层,023-86116827,106.513455,29.505961,,,439271.7251293661,3264207.4211969255,090601,医疗保健服务;医药保健销售店;药房,重庆市,重庆市,九龙坡区,,[]
B0J1CUE00Y,无限极(重庆中迪广场店),杨家坪正街68号重庆中迪广场F1层,023-68414447;13752861782,106.515225,29.506825,,,439443.7962481934,3264302.2324748593,090602,医疗保健服务;医药保健销售店;医疗保健用品,重庆市,重庆市,九龙坡区,,3.2
B0J3TSHE5U,重庆市瑜槿药房,融汇大道204号206号,[],106.518384,29.466711,,,439726.24141147267,3259855.845066981,090601,医疗保健服务;医药保健销售店;药房,重庆市,重庆市,巴南区,,[]
B0IUKHRPR5,京选大药房(李渡路店),李渡路163号,[],106.546991,29.468215,,,442500.88230132434,3260008.0277684545,090601,医疗保健服务;医药保健销售店;药房,重庆市,重庆市,巴南区,,[]
B0L2O1WWAR,嘉仁堂,直港大道与天宝路交叉口西100米,[],106.520802,29.509413,,,439985.86769687757,3264586.1008410025,090601,医疗保健服务;医药保健销售店;药房,重庆市,重庆市,九龙坡区,,[]
B0KKBL0086,墨盛日集法尔加头部康养馆,李家沱街道融汇大道2号附43号,13883289890;17823487398,106.518523,29.466472,,,439739.5778407638,3259829.2913298574,090602,医疗保健服务;医药保健销售店;医疗保健用品,重庆市,重庆市,巴南区,,3.5
B0L0L68337,京东大药房(融汇半岛店),融汇大道2号附28号、29号,15823001721,106.518609,29.466121,,,439747.70910596504,3259790.3551423317,090601,医疗保健服务;医药保健销售店;药房,重庆市,重庆市,巴南区,,[]
B0HBZUNQOB,万和医药连锁(融汇大道店),融汇大道2号附20号、21号,023-62568730;023-66272418,106.518707,29.465896,,,439757.078461317,3259765.3738766955,090601,医疗保健服务;医药保健销售店;药房,重庆市,重庆市,巴南区,,[]
B0I1MZCHOB,源心堂大药房,杨家坪街道中建龙玺台杨渡村5号附5号,18723341004,106.504616,29.494228,,,438407.9064009909,3262912.013529974,090601,医疗保健服务;医药保健销售店;药房,重庆市,重庆市,九龙坡区,,[]
B0K15XAPWP,融发医疗器械,融汇半岛艾德公馆东门南130米,[],106.513859,29.469034,,,439288.8714312669,3260115.589853944,090602,医疗保健服务;医药保健销售店;医疗保健用品,重庆市,重庆市,巴南区,,[]
B0LUL18P6I,芯优康源,李石路与马王坪正街交叉口南140米,[],106.539558,29.465006,,,441778.3419068647,3259656.1558699002,090602,医疗保健服务;医药保健销售店;医疗保健用品,重庆市,重庆市,巴南区,,[]
B0KRJ7CV8G,重庆睿智康品优红蓝光健康驿站,融汇半岛玫瑰公馆5号门西130米,[],106.510904,29.471329,,,439003.7283563622,3260371.426148209,090602,医疗保健服务;医药保健销售店;医疗保健用品,重庆市,重庆市,巴南区,,[]
B0FFIBZI77,爱心听力助听器(杨家坪店),杨家坪团结路8号附6号(杨家坪地铁站4号口步行220米),023-68126608;13452032024,106.518215,29.509544,,,439735.2094190665,3264601.9536631242,090602,医疗保健服务;医药保健销售店;医疗保健用品,重庆市,重庆市,九龙坡区,,5.0
B0FFHO4DP4,成人用品(重庆中迪广场店),·西城国际东门南120米(杨家坪地铁站4号口步行240米),13224037284;17323830569,106.517815,29.509319,,,439696.30751011573,3264577.2302443055,090602,医疗保健服务;医药保健销售店;医疗保健用品,重庆市,重庆市,九龙坡区,,[]
B0HKVH6SQK,铭月大药房,艾佳天泰西南门旁(杨家坪地铁站4号口步行320米),[],106.518803,29.509749,,,439792.32049661333,3264624.3638185333,090601,医疗保健服务;医药保健销售店;药房,重庆市,重庆市,九龙坡区,,[]
B0HU5HO2DC,医圣堂大药房(融汇大道店),融汇半岛东区西1门南160米,13650582166,106.518711,29.465798,,,439757.4083891142,3259754.5131588755,090601,医疗保健服务;医药保健销售店;药房,重庆市,重庆市,巴南区,,[]
B0J1ZG77LU,刘欣药房,李渡路与群乐路交叉口东北100米,18323341606,106.545351,29.4664,,,442340.84033167484,3259807.732441313,090601,医疗保健服务;医药保健销售店;药房,重庆市,重庆市,巴南区,,[]
B0L35BDA0R,栖息里萌宠宠物大药房,万金路与万象四路交叉口西北120米,[],106.527975,29.511775,,,440682.462329356,3264844.138354258,090601,医疗保健服务;医药保健销售店;药房,重庆市,重庆市,九龙坡区,,2.1
B0FFKPZ6DD,鑫斛药庄(融汇大道店),李家沱街道融汇大道153、155号,023-66435009,106.518187,29.46578,,,439706.58911994955,3259752.7898581945,090601,医疗保健服务;医药保健销售店;药房,重庆市,重庆市,巴南区,,[]
B00170AUZO,昌野药房(李渡路店),新坪村128号附3号,15825998813,106.545367,29.466406,,,442342.39512101776,3259808.389334043,090601,医疗保健服务;医药保健销售店;药房,重庆市,重庆市,巴南区,,[]
B0G2BA8CP4,万和医药连锁(桃源店),西郊支路与桃花溪街交叉口东北120米,023-68516179;023-68789524,106.511253,29.505223,,,439057.8546505653,3264126.79995745,090601,医疗保健服务;医药保健销售店;药房,重庆市,重庆市,九龙坡区,,[]
B0FFIRGF3C,鑫斛大药房(西郊大厦店),杨家坪前进路38号附1号(杨家坪地铁站1号口步行170米),023-68494800,106.512875,29.506587,,,439215.88267551607,3264277.0869735647,090601,医疗保健服务;医药保健销售店;药房,重庆市,重庆市,九龙坡区,,[]
B0FFJN4657,鑫斛药庄(新坪村店),巴南大道李家沱新坪村128号1-16,023-66485779,106.545284,29.466061,,,442334.15206386615,3259770.2036452875,090601,医疗保健服务;医药保健销售店;药房,重庆市,重庆市,巴南区,,[]
B00178VU9Q,万和医药连锁(西郊路店),西郊路19号(杨家坪地铁站1号口旁),023-68516179;023-68643754,106.513394,29.507526,,,439266.7468250541,3264380.8601631,090601,医疗保健服务;医药保健销售店;药房,重庆市,重庆市,九龙坡区,,3.5
B0J2GZ596Z,海通大药房(谢家湾陈亮药店),民主二村6栋3单元,13368193707,106.521517,29.510959,,,440056.07744828303,3264757.03394599,090601,医疗保健服务;医药保健销售店;药房,重庆市,重庆市,九龙坡区,,[]
B0FFHMKZRJ,鑫斛药庄(光彩商场店),李家沱正街160号光彩商场F1层,023-62563476;13308258908,106.542914,29.465037,,,442103.76921417745,3259657.9178693867,090601,医疗保健服务;医药保健销售店;药房,重庆市,重庆市,巴南区,,[]
B001797GIL,真善美药房(杨家坪店),西郊路3号京东MALL重庆杨家坪店F1层,023-68152550;15922679383,106.514991,29.508336,,,439422.01563813473,3264469.7780520585,090601,医疗保健服务;医药保健销售店;药房,重庆市,重庆市,九龙坡区,,[]
B0FFHNY2NR,万和医药连锁(李家沱正街二店),李家沱正街160号附4号百年商场(李家沱正街店),18580143328,106.542896,29.464967,,,442101.98410853295,3259650.170658178,090601,医疗保健服务;医药保健销售店;药房,重庆市,重庆市,巴南区,,[]
B0IAFOBAIN,鑫斛药庄(百年商场店),光彩商场东门旁,023-62563476,106.542856,29.464972,,,442098.1084057135,3259650.744553744,090601,医疗保健服务;医药保健销售店;药房,重庆市,重庆市,巴南区,,[]
B0J1H1UWC2,御珍阁大药房(群乐路店),群乐佳苑南1门旁,[],106.550138,29.469108,,,442806.51795623824,3260105.4245860595,090601,医疗保健服务;医药保健销售店;药房,重庆市,重庆市,巴南区,,[]
B0FFG1F814,全兴药品(李家沱正街店),李家沱正街160号附4号百年商场(李家沱正街店),023-62863413;15320561066,106.542771,29.464657,,,442089.6875345132,3259615.8840986085,090601,医疗保健服务;医药保健销售店;药房,重庆市,重庆市,巴南区,,[]
B0FFM9WNP0,宝芝林大药房(南滨西路店),南滨西路26号18到23幢负1层附28、29号,[],106.551094,29.505569,,,442919.65219006,3264144.9272489143,090601,医疗保健服务;医药保健销售店;药房,重庆市,重庆市,南岸区,,[]
B00170A1GI,和平药房(前进店),前进路24号人民医院后面(杨家坪地铁站1号口步行120米),023-61574403,106.512791,29.507479,,,439208.27396971686,3264375.967398116,090601,医疗保健服务;医药保健销售店;药房,重庆市,重庆市,九龙坡区,,[]
B0LDVU57N7,德园堂大药房,西郊支路与前进路交叉口北60米,[],106.512725,29.506675,,,439201.3966207352,3264286.9160525706,090601,医疗保健服务;医药保健销售店;药房,重庆市,重庆市,九龙坡区,,[]
B0KGTK7B3E,真善美药房,群乐路与李渡路交叉口西40米,[],106.54445,29.465649,,,442253.0518945878,3259724.966325436,090601,医疗保健服务;医药保健销售店;药房,重庆市,重庆市,巴南区,,[]
B0JUF12L7D,康鹤堂药房,前进路23号(杨家坪地铁站1号口步行110米),[],106.513099,29.506856,,,439237.7543394829,3264306.77602583,090601,医疗保健服务;医药保健销售店;药房,重庆市,重庆市,九龙坡区,,[]
B0LB9LYFAW,百采堂大药房,九滨路2号附56号,023-68140114,106.527775,29.512575,,,440663.5451177092,3264932.882937628,090601,医疗保健服务;医药保健销售店;药房,重庆市,重庆市,九龙坡区,,[]
B0KGFS4XHU,鸿森堂大药房(西郊大厦店),西郊支路与前进路交叉口北80米,[],106.512725,29.506697,,,439201.4097659951,3264289.353724678,090601,医疗保健服务;医药保健销售店;药房,重庆市,重庆市,九龙坡区,,[]
B0KGZNWLIN,乐康品养品质生活商超,西郊支路7-11号(杨家坪地铁站1号口步行440米),[],106.510732,29.505032,,,439007.24195454543,3264105.909585937,090602,医疗保健服务;医药保健销售店;医疗保健用品,重庆市,重庆市,九龙坡区,,3.6
B0LRH99AH9,熙恩大药房,融汇半岛二期南门旁(重庆理工大学地铁站2D口步行400米),[],106.519569,29.464949,,,439840.10154283216,3259659.9983367706,090601,医疗保健服务;医药保健销售店;药房,重庆市,重庆市,巴南区,,[]
B0LGAUL2MG,和平药房(李家沱中心店),李家沱正街164号附4号,[],106.542739,29.464309,,,442086.3869656798,3259577.3408225914,090601,医疗保健服务;医药保健销售店;药房,重庆市,重庆市,巴南区,,[]
B0HAK6F4TI,真善美药房(汇南二路店),融汇半岛东区B区北门旁,023-62566605;13618336977,106.519341,29.464617,,,439817.7977664069,3259623.329687839,090601,医疗保健服务;医药保健销售店;药房,重庆市,重庆市,巴南区,,[]
B0L1DLVXU4,好邻居大药房(西郊分店),西郊路2号附2号晴海荟广场,[],106.513202,29.507485,,,439248.11306401686,3264376.4174907156,090601,医疗保健服务;医药保健销售店;药房,重庆市,重庆市,九龙坡区,,[]
B0FFFY01I9,健之佳健康药房(美堤雅城A区店),南坪镇重庆市经开区汇龙路66号6号楼1层,023-62305200,106.555714,29.501809,,,443365.3524418506,3263726.050763888,090601,医疗保健服务;医药保健销售店;药房,重庆市,重庆市,南岸区,,[]
B0JKR507YU,炎隆艾灸,杨家坪街道西郊支路15号2-1,[],106.510598,29.505367,,,438994.4547413905,3264143.0989486706,090602,医疗保健服务;医药保健销售店;医疗保健用品,重庆市,重庆市,九龙坡区,,[]
B0L0Y45TNC,初欣医疗器械,恒基·翔龙江畔西北2门东南120米,[],106.550076,29.506492,,,442821.5013370238,3264247.69824369,090602,医疗保健服务;医药保健销售店;医疗保健用品,重庆市,重庆市,南岸区,,[]
B0FFME8702,万和医药连锁(杨渡路店),杨渡路619、621号,023-68071358,106.502957,29.494486,,,438247.2459149494,3262941.479984421,090601,医疗保健服务;医药保健销售店;药房,重庆市,重庆市,大渡口区,,[]
B0LAUR345V,渝康阁大药房,群乐佳苑南2门旁,[],106.550725,29.468825,,,442863.2745588309,3260073.779415378,090601,医疗保健服务;医药保健销售店;药房,重庆市,重庆市,巴南区,,[]
B0HD6SBHFE,尚好药房,九滨路2号,17782359533,106.527118,29.512935,,,440600.0799403428,3264973.1074717115,090601,医疗保健服务;医药保健销售店;药房,重庆市,重庆市,九龙坡区,,[]
B00170A1HE,和平药房(杨家坪金融大厦店),团结路2号附3号(杨家坪地铁站4号口步行80米),[],106.515863,29.509512,,,439507.23130572797,3264599.6288907537,090601,医疗保健服务;医药保健销售店;药房,重庆市,重庆市,九龙坡区,,[]
B0IK2HGFES,万鑫药房(龙洲大道二店),顺兴路与龙洲大道交叉口西北160米,[],106.559926,29.4834,,,443763.44736700907,3261684.243699666,090601,医疗保健服务;医药保健销售店;药房,重庆市,重庆市,巴南区,,[]
B0M6RH0JKY,渝民康大药房,汇南二路与融汇大道交叉口东260米,[],106.521223,29.464266,,,440000.0776328345,3259583.467064994,090601,医疗保健服务;医药保健销售店;药房,重庆市,重庆市,巴南区,,[]
B0FFG7KAZ8,豪派保健,林荫村194号,[],106.541947,29.463938,,,442009.3802410205,3259536.627236979,090602,医疗保健服务;医药保健销售店;医疗保健用品,重庆市,重庆市,巴南区,,[]
B0L3CBIKE5,苗家草药,杨家坪横街与直港大道交叉口东北220米,[],106.520659,29.511006,,,439972.9478250615,3264762.684208604,090601,医疗保健服务;医药保健销售店;药房,重庆市,重庆市,九龙坡区,,[]
B0FFH1SKX0,康进药房,西郊支路17-1号,023-86191477;13628351288,106.510263,29.5056,,,438962.12448614166,3264169.091843491,090601,医疗保健服务;医药保健销售店;药房,重庆市,重庆市,九龙坡区,,[]
B0FFIUR4GN,健本堂大药房(杨渡路店),杨渡路613号615号中交西西荟F1层,13668025481,106.502986,29.494563,,,438250.1037600778,3262949.996440544,090601,医疗保健服务;医药保健销售店;药房,重庆市,重庆市,大渡口区,,[]
B0FFK3SZGB,信一堂药铺(保利观塘·泽园店),保利观塘·泽园北2门旁,18680804218,106.560424,29.49076,,,443815.7871937371,3262499.5092536625,090601,医疗保健服务;医药保健销售店;药房,重庆市,重庆市,南岸区,,[]
B0K05NZD81,同美大药房,凯德北路与李家沱正街交叉口北140米,[],106.542731,29.464203,,,442085.5510251191,3259565.5997611363,090601,医疗保健服务;医药保健销售店;药房,重庆市,重庆市,巴南区,,[]
B0JRFZNUCT,华帆健康药房,巴南大道1号附7号,[],106.545587,29.465411,,,442363.1641393013,3259698.0322013223,090601,医疗保健服务;医药保健销售店;药房,重庆市,重庆市,巴南区,,[]
B0HG0DYZ0S,七色佳人成人用品(群乐路店),群乐路与尚美大道交叉口东北60米,13883758123,106.547185,29.466294,,,442518.6091974659,3259795.0808634423,090602,医疗保健服务;医药保健销售店;医疗保健用品,重庆市,重庆市,巴南区,,[]
B0HGMAYF1A,泉源堂(西郊支路店),杨家坪西郊支路17号第一楼,[],106.510117,29.505701,,,438948.03400410415,3264180.359591903,090601,医疗保健服务;医药保健销售店;药房,重庆市,重庆市,九龙坡区,,[]
B0FFFRZTZH,和平药房(联发嘉园店),西郊支路17号第一层,[],106.510075,29.505741,,,438943.98715029436,3264184.813767151,090601,医疗保健服务;医药保健销售店;药房,重庆市,重庆市,九龙坡区,,[]
B0HDH5DFC3,鑫斛大药房(九城时光店),谢家湾街道滨江路2号,023-68187447;023-68187477,106.525665,29.513075,,,440459.3399394772,3264989.362911794,090601,医疗保健服务;医药保健销售店;药房,重庆市,重庆市,九龙坡区,,[]
B0FFLLI6QA,西门子•西嘉助听器(逻辑声听力巴南验配中心),李家沱正街181号附10号(10号公交起点站对面),023-66485538;17318493032,106.543278,29.463509,,,442138.19655031164,3259488.4311497365,090602,医疗保健服务;医药保健销售店;医疗保健用品,重庆市,重庆市,巴南区,,[]
B0L36A95Z0,格力董明珠健康家(九龙坡同联西城天街店),杨家坪街道珠江路48号2栋龙湖西城天街L馆B1层11-12号,18680786730,106.517465,29.51054,,,439663.1090750661,3264712.7025585156,090602,医疗保健服务;医药保健销售店;医疗保健用品,重庆市,重庆市,九龙坡区,,3.7
B00170AG1D,万鑫药房(杨渡路店),杨渡二村11幢1-2号,[],106.503952,29.497572,,,438345.56618619483,3263282.891050919,090601,医疗保健服务;医药保健销售店;药房,重庆市,重庆市,九龙坡区,,[]
B0FFIBPUQJ,健本堂大药房(万福路店),九滨路2号九城时光2幢,13608354049,106.525568,29.513193,,,440450.00797625456,3265002.487358024,090601,医疗保健服务;医药保健销售店;药房,重庆市,重庆市,九龙坡区,,[]
B0J39HH5VD,云南文山三七(李家沱店),凯德北路与李家沱正街交叉口西北100米,[],106.542635,29.463834,,,442076.0327615652,3259524.7614663844,090602,医疗保健服务;医药保健销售店;医疗保健用品,重庆市,重庆市,巴南区,,[]
B0FFK40J4I,万家信大药房(二塘路店),保利观塘·泽园北2门旁,[],106.560924,29.490576,,,443864.15518531436,3262478.8803180675,090601,医疗保健服务;医药保健销售店;药房,重庆市,重庆市,南岸区,,[]
B00170C43S,养生堂(珠江路店),杨家坪珠江路47号附10号,023-68403222,106.516567,29.510564,,,439576.0887814801,3264715.828020171,090602,医疗保健服务;医药保健销售店;医疗保健用品,重庆市,重庆市,九龙坡区,,[]
B0L17S843K,澜晶瞳卫眼世家,珠江路47-1号(杨家坪地铁站4号口步行220米),19562455453,106.517267,29.510786,,,439644.06477168965,3264740.0628995155,090602,医疗保健服务;医药保健销售店;医疗保健用品,重庆市,重庆市,九龙坡区,,[]
B0L0U9WC9O,佳民大药房,杨渡路与金堰路交叉口东北60米,[],106.503806,29.497503,,,438331.3721783678,3263275.3229993116,090601,医疗保健服务;医药保健销售店;药房,重庆市,重庆市,九龙坡区,,[]
B0FFJVCRWV,桐君阁大药房(杨家坪步行街店),杨家坪正街13号(杨家坪地铁站5号口步行80米),023-86195317;18182239411,106.515577,29.510608,,,439480.16374187416,3264721.218087773,090601,医疗保健服务;医药保健销售店;药房,重庆市,重庆市,九龙坡区,,[]
B0J24L3VGS,厚济大药房(北大资源燕南店),兴堰路11号附70号,[],106.501266,29.490731,,,438081.04371066706,3262526.3126276825,090601,医疗保健服务;医药保健销售店;药房,重庆市,重庆市,九龙坡区,,[]
B0G224TH5F,鑫斛药庄(新界店),李家沱正街169号,023-62863063,106.545448,29.464392,,,442349.1099125587,3259585.1935127466,090601,医疗保健服务;医药保健销售店;药房,重庆市,重庆市,巴南区,,[]
B0FFGILZ15,鑫斛药庄(杨馨店),九龙坡区前进支路1号第一层123.131.139.195.197,023-68676762;13648351539,106.512904,29.508783,,,439220.0052804749,3264520.3958496936,090601,医疗保健服务;医药保健销售店;药房,重庆市,重庆市,九龙坡区,,[]
B0FFL1L9YV,万和医药连锁(李家沱正街店),巴南大道2号附11号,[],106.545597,29.464352,,,442363.534945656,3259580.687684052,090601,医疗保健服务;医药保健销售店;药房,重庆市,重庆市,巴南区,,[]
B0FFIS3UDY,信一堂药房(江南水乡店),红光大道与红李大道交叉口东300米,[],106.530434,29.461238,,,440891.4609800832,3259243.2480046507,090601,医疗保健服务;医药保健销售店;药房,重庆市,重庆市,巴南区,,[]
B0JBKZMNFE,健本堂大药房(陈红药店),西郊路77-3号,[],106.502757,29.496191,,,438228.893327473,3263130.5055933334,090601,医疗保健服务;医药保健销售店;药房,重庆市,重庆市,九龙坡区,,[]
B0FFH4AKI7,紫薇星(江南水乡店),红光大道江南水乡,18996484065,106.529958,29.461432,,,440845.41714555246,3259264.9852879033,090602,医疗保健服务;医药保健销售店;医疗保健用品,重庆市,重庆市,巴南区,,[]
B0K0DCE7GZ,全兴药品(李家沱正街店),李家沱正街与凯德路交叉口北300米,15320561066,106.543275,29.463131,,,442137.69108587026,3259446.549395048,090601,医疗保健服务;医药保健销售店;药房,重庆市,重庆市,巴南区,,[]
B0HDTOMKMY,泉源堂智慧药房(巴南大道店),李家沱巴南大道5号附8号,023-62418321,106.54676,29.464479,,,442476.3759061449,3259594.1846368243,090601,医疗保健服务;医药保健销售店;药房,重庆市,重庆市,巴南区,,[]
